-- =====================================================================
-- Ticketa - Date import (din backup Supabase 2026-01-22)
-- Ruleaza in pgAdmin Query Tool DUPA schema.sql
-- =====================================================================
BEGIN;

-- ---- Users ----
INSERT INTO public."Users" (id_user, fname, lname, email, password, phone_number, bday, role, company, creation_date) VALUES (6, E'Tudor', E'Chirita', E'tudor.chirita@gmail.com', E'123456', E'+40712312341', E'2006-11-14', E'user', NULL, E'2025-11-14 13:38:50.345563+00');
INSERT INTO public."Users" (id_user, fname, lname, email, password, phone_number, bday, role, company, creation_date) VALUES (7, E'Cont', E'Test', E'conttest@gmail.com', E'123456', E'+40125412342', E'1993-11-17', E'user', NULL, E'2025-11-16 17:21:57.006557+00');
INSERT INTO public."Users" (id_user, fname, lname, email, password, phone_number, bday, role, company, creation_date) VALUES (2, E'Test', E'Test', E'test@test.com', E'1234', E'+40123124121', E'2025-11-13', E'user', NULL, E'2025-11-14 13:38:50.345563+00');
INSERT INTO public."Users" (id_user, fname, lname, email, password, phone_number, bday, role, company, creation_date) VALUES (9, E'Andrei', E'Kevin', E'andrei.kevin23@company.com', E'12345', E'+40821728372', E'2003-11-03', E'manager', E'Company SRL', E'2025-11-23 16:26:46.945164+00');
INSERT INTO public."Users" (id_user, fname, lname, email, password, phone_number, bday, role, company, creation_date) VALUES (12, E'Andrei', E'Selaru', E'andrei.selaru@yahoo.com', E'123456', E'+40518723187', E'2002-09-18', E'manager', E'La Munca SRL', E'2025-11-23 16:30:59.927778+00');
INSERT INTO public."Users" (id_user, fname, lname, email, password, phone_number, bday, role, company, creation_date) VALUES (15, E'abc', NULL, E'abc@test.com', E'1234', NULL, NULL, NULL, NULL, E'2025-11-30 15:53:29.535837+00');
INSERT INTO public."Users" (id_user, fname, lname, email, password, phone_number, bday, role, company, creation_date) VALUES (16, E'lalal', NULL, E'lalal@gmail.com', NULL, NULL, NULL, NULL, NULL, E'2025-12-14 18:34:07.011445+00');
INSERT INTO public."Users" (id_user, fname, lname, email, password, phone_number, bday, role, company, creation_date) VALUES (17, E'awidjaw', NULL, E'awidjaw@gmail.com', NULL, NULL, NULL, NULL, NULL, E'2025-12-14 18:50:33.091951+00');
INSERT INTO public."Users" (id_user, fname, lname, email, password, phone_number, bday, role, company, creation_date) VALUES (18, E'awgawasd', NULL, E'awgawasd@gmail.com', NULL, NULL, NULL, NULL, NULL, E'2025-12-14 18:52:33.439855+00');
INSERT INTO public."Users" (id_user, fname, lname, email, password, phone_number, bday, role, company, creation_date) VALUES (19, E'awidjawiudj', NULL, E'awidjawiudj@gmail.com', NULL, NULL, NULL, NULL, NULL, E'2025-12-14 18:53:20.378376+00');
INSERT INTO public."Users" (id_user, fname, lname, email, password, phone_number, bday, role, company, creation_date) VALUES (20, E'test', NULL, E'test@gmail.com', NULL, NULL, NULL, NULL, NULL, E'2026-01-12 19:49:10.146316+00');
-- 11 randuri inserate in Users

-- ---- Orase ----
INSERT INTO public."Orase" (id_oras, nume) VALUES (1, E'București');
INSERT INTO public."Orase" (id_oras, nume) VALUES (2, E'Cluj-Napoca');
INSERT INTO public."Orase" (id_oras, nume) VALUES (3, E'Timișoara');
INSERT INTO public."Orase" (id_oras, nume) VALUES (4, E'Iași');
INSERT INTO public."Orase" (id_oras, nume) VALUES (5, E'Constanța');
INSERT INTO public."Orase" (id_oras, nume) VALUES (6, E'Craiova');
INSERT INTO public."Orase" (id_oras, nume) VALUES (7, E'Brașov');
INSERT INTO public."Orase" (id_oras, nume) VALUES (8, E'Galați');
INSERT INTO public."Orase" (id_oras, nume) VALUES (9, E'Ploiești');
INSERT INTO public."Orase" (id_oras, nume) VALUES (10, E'Oradea');
INSERT INTO public."Orase" (id_oras, nume) VALUES (11, E'Brăila');
INSERT INTO public."Orase" (id_oras, nume) VALUES (12, E'Arad');
INSERT INTO public."Orase" (id_oras, nume) VALUES (13, E'Pitești');
INSERT INTO public."Orase" (id_oras, nume) VALUES (14, E'Sibiu');
INSERT INTO public."Orase" (id_oras, nume) VALUES (15, E'Bacău');
INSERT INTO public."Orase" (id_oras, nume) VALUES (16, E'Târgu Mureș');
INSERT INTO public."Orase" (id_oras, nume) VALUES (17, E'Baia Mare');
INSERT INTO public."Orase" (id_oras, nume) VALUES (18, E'Buzău');
INSERT INTO public."Orase" (id_oras, nume) VALUES (19, E'Botoșani');
INSERT INTO public."Orase" (id_oras, nume) VALUES (20, E'Satu Mare');
INSERT INTO public."Orase" (id_oras, nume) VALUES (21, E'Râmnicu Vâlcea');
INSERT INTO public."Orase" (id_oras, nume) VALUES (22, E'Suceava');
INSERT INTO public."Orase" (id_oras, nume) VALUES (23, E'Piatra Neamț');
INSERT INTO public."Orase" (id_oras, nume) VALUES (24, E'Drobeta-Turnu Severin');
INSERT INTO public."Orase" (id_oras, nume) VALUES (25, E'Focșani');
INSERT INTO public."Orase" (id_oras, nume) VALUES (26, E'Târgoviște');
INSERT INTO public."Orase" (id_oras, nume) VALUES (27, E'Tulcea');
INSERT INTO public."Orase" (id_oras, nume) VALUES (28, E'Târgu Jiu');
INSERT INTO public."Orase" (id_oras, nume) VALUES (29, E'Reșița');
INSERT INTO public."Orase" (id_oras, nume) VALUES (30, E'Bistrița');
INSERT INTO public."Orase" (id_oras, nume) VALUES (31, E'Slatina');
INSERT INTO public."Orase" (id_oras, nume) VALUES (32, E'Călărași');
INSERT INTO public."Orase" (id_oras, nume) VALUES (33, E'Giurgiu');
INSERT INTO public."Orase" (id_oras, nume) VALUES (34, E'Deva');
INSERT INTO public."Orase" (id_oras, nume) VALUES (35, E'Vaslui');
INSERT INTO public."Orase" (id_oras, nume) VALUES (36, E'Zalău');
INSERT INTO public."Orase" (id_oras, nume) VALUES (37, E'Hunedoara');
INSERT INTO public."Orase" (id_oras, nume) VALUES (38, E'Bârlad');
INSERT INTO public."Orase" (id_oras, nume) VALUES (39, E'Roman');
INSERT INTO public."Orase" (id_oras, nume) VALUES (40, E'Turda');
INSERT INTO public."Orase" (id_oras, nume) VALUES (41, E'Mediaș');
INSERT INTO public."Orase" (id_oras, nume) VALUES (42, E'Sfântu Gheorghe');
INSERT INTO public."Orase" (id_oras, nume) VALUES (43, E'Slobozia');
INSERT INTO public."Orase" (id_oras, nume) VALUES (44, E'Alexandria');
INSERT INTO public."Orase" (id_oras, nume) VALUES (45, E'Petroșani');
INSERT INTO public."Orase" (id_oras, nume) VALUES (46, E'Curtea de Argeș');
INSERT INTO public."Orase" (id_oras, nume) VALUES (47, E'Lupeni');
INSERT INTO public."Orase" (id_oras, nume) VALUES (48, E'Vulcan');
INSERT INTO public."Orase" (id_oras, nume) VALUES (49, E'Petrila');
INSERT INTO public."Orase" (id_oras, nume) VALUES (50, E'Câmpina');
INSERT INTO public."Orase" (id_oras, nume) VALUES (51, E'Mangalia');
INSERT INTO public."Orase" (id_oras, nume) VALUES (52, E'Câmpulung');
INSERT INTO public."Orase" (id_oras, nume) VALUES (53, E'Tecuci');
INSERT INTO public."Orase" (id_oras, nume) VALUES (54, E'Pașcani');
INSERT INTO public."Orase" (id_oras, nume) VALUES (55, E'Onești');
INSERT INTO public."Orase" (id_oras, nume) VALUES (56, E'Moinești');
INSERT INTO public."Orase" (id_oras, nume) VALUES (57, E'Comănești');
INSERT INTO public."Orase" (id_oras, nume) VALUES (58, E'Adjud');
INSERT INTO public."Orase" (id_oras, nume) VALUES (59, E'Huși');
INSERT INTO public."Orase" (id_oras, nume) VALUES (60, E'Câmpia Turzii');
INSERT INTO public."Orase" (id_oras, nume) VALUES (61, E'Gherla');
INSERT INTO public."Orase" (id_oras, nume) VALUES (62, E'Dej');
INSERT INTO public."Orase" (id_oras, nume) VALUES (63, E'Blaj');
INSERT INTO public."Orase" (id_oras, nume) VALUES (64, E'Aiud');
INSERT INTO public."Orase" (id_oras, nume) VALUES (65, E'Sebeș');
INSERT INTO public."Orase" (id_oras, nume) VALUES (66, E'Cugir');
INSERT INTO public."Orase" (id_oras, nume) VALUES (67, E'Ocna Mureș');
INSERT INTO public."Orase" (id_oras, nume) VALUES (68, E'Abrud');
INSERT INTO public."Orase" (id_oras, nume) VALUES (69, E'Câmpeni');
INSERT INTO public."Orase" (id_oras, nume) VALUES (70, E'Zlatna');
INSERT INTO public."Orase" (id_oras, nume) VALUES (71, E'Teiuș');
INSERT INTO public."Orase" (id_oras, nume) VALUES (72, E'Baia de Arieș');
INSERT INTO public."Orase" (id_oras, nume) VALUES (73, E'Cîmpeni');
INSERT INTO public."Orase" (id_oras, nume) VALUES (74, E'Câmpulung Moldovenesc');
INSERT INTO public."Orase" (id_oras, nume) VALUES (75, E'Rădăuți');
INSERT INTO public."Orase" (id_oras, nume) VALUES (76, E'Vatra Dornei');
INSERT INTO public."Orase" (id_oras, nume) VALUES (77, E'Fălticeni');
INSERT INTO public."Orase" (id_oras, nume) VALUES (78, E'Gura Humorului');
INSERT INTO public."Orase" (id_oras, nume) VALUES (79, E'Siret');
INSERT INTO public."Orase" (id_oras, nume) VALUES (80, E'Cajvana');
INSERT INTO public."Orase" (id_oras, nume) VALUES (81, E'Broșteni');
INSERT INTO public."Orase" (id_oras, nume) VALUES (82, E'Vicovu de Sus');
INSERT INTO public."Orase" (id_oras, nume) VALUES (83, E'Solca');
INSERT INTO public."Orase" (id_oras, nume) VALUES (84, E'Liteni');
INSERT INTO public."Orase" (id_oras, nume) VALUES (85, E'Salcea');
INSERT INTO public."Orase" (id_oras, nume) VALUES (86, E'Frasin');
INSERT INTO public."Orase" (id_oras, nume) VALUES (87, E'Dolhasca');
INSERT INTO public."Orase" (id_oras, nume) VALUES (88, E'Dorohoi');
INSERT INTO public."Orase" (id_oras, nume) VALUES (89, E'Darabani');
INSERT INTO public."Orase" (id_oras, nume) VALUES (90, E'Săveni');
INSERT INTO public."Orase" (id_oras, nume) VALUES (91, E'Flămânzi');
INSERT INTO public."Orase" (id_oras, nume) VALUES (92, E'Bucecea');
INSERT INTO public."Orase" (id_oras, nume) VALUES (93, E'Ștefănești');
INSERT INTO public."Orase" (id_oras, nume) VALUES (94, E'Hârlău');
INSERT INTO public."Orase" (id_oras, nume) VALUES (95, E'Târgu Frumos');
INSERT INTO public."Orase" (id_oras, nume) VALUES (96, E'Podu Iloaiei');
INSERT INTO public."Orase" (id_oras, nume) VALUES (97, E'Hălăucești');
INSERT INTO public."Orase" (id_oras, nume) VALUES (98, E'Răchitoasa');
INSERT INTO public."Orase" (id_oras, nume) VALUES (99, E'Mărășești');
INSERT INTO public."Orase" (id_oras, nume) VALUES (100, E'Panciu');
INSERT INTO public."Orase" (id_oras, nume) VALUES (101, E'Odobești');
INSERT INTO public."Orase" (id_oras, nume) VALUES (102, E'Negrești');
INSERT INTO public."Orase" (id_oras, nume) VALUES (103, E'Murgeni');
INSERT INTO public."Orase" (id_oras, nume) VALUES (104, E'Negrești-Oaș');
INSERT INTO public."Orase" (id_oras, nume) VALUES (105, E'Carei');
INSERT INTO public."Orase" (id_oras, nume) VALUES (106, E'Ardud');
INSERT INTO public."Orase" (id_oras, nume) VALUES (107, E'Livada');
INSERT INTO public."Orase" (id_oras, nume) VALUES (108, E'Tășnad');
INSERT INTO public."Orase" (id_oras, nume) VALUES (109, E'Seini');
INSERT INTO public."Orase" (id_oras, nume) VALUES (110, E'Borșa');
INSERT INTO public."Orase" (id_oras, nume) VALUES (111, E'Sighetu Marmației');
INSERT INTO public."Orase" (id_oras, nume) VALUES (112, E'Târgu Lăpuș');
INSERT INTO public."Orase" (id_oras, nume) VALUES (113, E'Vișeu de Sus');
INSERT INTO public."Orase" (id_oras, nume) VALUES (114, E'Dragomirești');
INSERT INTO public."Orase" (id_oras, nume) VALUES (115, E'Ulmeni');
INSERT INTO public."Orase" (id_oras, nume) VALUES (116, E'Cavnic');
INSERT INTO public."Orase" (id_oras, nume) VALUES (117, E'Săliștea de Sus');
INSERT INTO public."Orase" (id_oras, nume) VALUES (118, E'Somcuta Mare');
INSERT INTO public."Orase" (id_oras, nume) VALUES (119, E'Tăuții-Măgherăuș');
INSERT INTO public."Orase" (id_oras, nume) VALUES (120, E'Jibou');
INSERT INTO public."Orase" (id_oras, nume) VALUES (121, E'Șimleu Silvaniei');
INSERT INTO public."Orase" (id_oras, nume) VALUES (122, E'Cehu Silvaniei');
INSERT INTO public."Orase" (id_oras, nume) VALUES (123, E'Marghita');
INSERT INTO public."Orase" (id_oras, nume) VALUES (124, E'Beiuș');
INSERT INTO public."Orase" (id_oras, nume) VALUES (125, E'Salonta');
INSERT INTO public."Orase" (id_oras, nume) VALUES (126, E'Aleșd');
INSERT INTO public."Orase" (id_oras, nume) VALUES (127, E'Valea lui Mihai');
INSERT INTO public."Orase" (id_oras, nume) VALUES (128, E'Nucet');
INSERT INTO public."Orase" (id_oras, nume) VALUES (129, E'Săcueni');
INSERT INTO public."Orase" (id_oras, nume) VALUES (130, E'Vașcău');
INSERT INTO public."Orase" (id_oras, nume) VALUES (131, E'Ștei');
INSERT INTO public."Orase" (id_oras, nume) VALUES (132, E'Budești');
INSERT INTO public."Orase" (id_oras, nume) VALUES (133, E'Năsăud');
INSERT INTO public."Orase" (id_oras, nume) VALUES (134, E'Beclean');
INSERT INTO public."Orase" (id_oras, nume) VALUES (135, E'Sângeorz-Băi');
INSERT INTO public."Orase" (id_oras, nume) VALUES (136, E'Năsăud');
INSERT INTO public."Orase" (id_oras, nume) VALUES (137, E'Reghin');
INSERT INTO public."Orase" (id_oras, nume) VALUES (138, E'Sighișoara');
INSERT INTO public."Orase" (id_oras, nume) VALUES (139, E'Târnăveni');
INSERT INTO public."Orase" (id_oras, nume) VALUES (140, E'Luduș');
INSERT INTO public."Orase" (id_oras, nume) VALUES (141, E'Iernut');
INSERT INTO public."Orase" (id_oras, nume) VALUES (142, E'Sovata');
INSERT INTO public."Orase" (id_oras, nume) VALUES (143, E'Ungheni');
INSERT INTO public."Orase" (id_oras, nume) VALUES (144, E'Sângeorgiu de Pădure');
INSERT INTO public."Orase" (id_oras, nume) VALUES (145, E'Miercurea Nirajului');
INSERT INTO public."Orase" (id_oras, nume) VALUES (146, E'Odorheiu Secuiesc');
INSERT INTO public."Orase" (id_oras, nume) VALUES (147, E'Gheorgheni');
INSERT INTO public."Orase" (id_oras, nume) VALUES (148, E'Miercurea Ciuc');
INSERT INTO public."Orase" (id_oras, nume) VALUES (149, E'Toplița');
INSERT INTO public."Orase" (id_oras, nume) VALUES (150, E'Cristuru Secuiesc');
INSERT INTO public."Orase" (id_oras, nume) VALUES (151, E'Vlăhița');
INSERT INTO public."Orase" (id_oras, nume) VALUES (152, E'Bălan');
INSERT INTO public."Orase" (id_oras, nume) VALUES (153, E'Borsec');
INSERT INTO public."Orase" (id_oras, nume) VALUES (154, E'Covasna');
INSERT INTO public."Orase" (id_oras, nume) VALUES (155, E'Târgu Secuiesc');
INSERT INTO public."Orase" (id_oras, nume) VALUES (156, E'Baraolt');
INSERT INTO public."Orase" (id_oras, nume) VALUES (157, E'Întorsura Buzăului');
INSERT INTO public."Orase" (id_oras, nume) VALUES (158, E'Făgăraș');
INSERT INTO public."Orase" (id_oras, nume) VALUES (159, E'Codlea');
INSERT INTO public."Orase" (id_oras, nume) VALUES (160, E'Săcele');
INSERT INTO public."Orase" (id_oras, nume) VALUES (161, E'Râșnov');
INSERT INTO public."Orase" (id_oras, nume) VALUES (162, E'Zărnești');
INSERT INTO public."Orase" (id_oras, nume) VALUES (163, E'Predeal');
INSERT INTO public."Orase" (id_oras, nume) VALUES (164, E'Rupea');
INSERT INTO public."Orase" (id_oras, nume) VALUES (165, E'Victoria');
INSERT INTO public."Orase" (id_oras, nume) VALUES (166, E'Ghimbav');
INSERT INTO public."Orase" (id_oras, nume) VALUES (167, E'Agnita');
INSERT INTO public."Orase" (id_oras, nume) VALUES (168, E'Avrig');
INSERT INTO public."Orase" (id_oras, nume) VALUES (169, E'Cisnădie');
INSERT INTO public."Orase" (id_oras, nume) VALUES (170, E'Copșa Mică');
INSERT INTO public."Orase" (id_oras, nume) VALUES (171, E'Dumbrăveni');
INSERT INTO public."Orase" (id_oras, nume) VALUES (172, E'Miercurea Sibiului');
INSERT INTO public."Orase" (id_oras, nume) VALUES (173, E'Ocna Sibiului');
INSERT INTO public."Orase" (id_oras, nume) VALUES (174, E'Săliște');
INSERT INTO public."Orase" (id_oras, nume) VALUES (175, E'Tălmaciu');
INSERT INTO public."Orase" (id_oras, nume) VALUES (176, E'Orăștie');
INSERT INTO public."Orase" (id_oras, nume) VALUES (177, E'Brad');
INSERT INTO public."Orase" (id_oras, nume) VALUES (178, E'Simeria');
INSERT INTO public."Orase" (id_oras, nume) VALUES (179, E'Călan');
INSERT INTO public."Orase" (id_oras, nume) VALUES (180, E'Hațeg');
INSERT INTO public."Orase" (id_oras, nume) VALUES (181, E'Lupeni');
INSERT INTO public."Orase" (id_oras, nume) VALUES (182, E'Aninoasa');
INSERT INTO public."Orase" (id_oras, nume) VALUES (183, E'Uricani');
INSERT INTO public."Orase" (id_oras, nume) VALUES (184, E'Geoagiu');
INSERT INTO public."Orase" (id_oras, nume) VALUES (185, E'Călan');
INSERT INTO public."Orase" (id_oras, nume) VALUES (186, E'Bocșa');
INSERT INTO public."Orase" (id_oras, nume) VALUES (187, E'Caransebeș');
INSERT INTO public."Orase" (id_oras, nume) VALUES (188, E'Moldova Nouă');
INSERT INTO public."Orase" (id_oras, nume) VALUES (189, E'Oravița');
INSERT INTO public."Orase" (id_oras, nume) VALUES (190, E'Anina');
INSERT INTO public."Orase" (id_oras, nume) VALUES (191, E'Băile Herculane');
INSERT INTO public."Orase" (id_oras, nume) VALUES (192, E'Oțelu Roșu');
INSERT INTO public."Orase" (id_oras, nume) VALUES (193, E'Băilești');
INSERT INTO public."Orase" (id_oras, nume) VALUES (194, E'Calafat');
INSERT INTO public."Orase" (id_oras, nume) VALUES (195, E'Bechet');
INSERT INTO public."Orase" (id_oras, nume) VALUES (196, E'Dăbuleni');
INSERT INTO public."Orase" (id_oras, nume) VALUES (197, E'Filiași');
INSERT INTO public."Orase" (id_oras, nume) VALUES (198, E'Segarcea');
INSERT INTO public."Orase" (id_oras, nume) VALUES (199, E'Ișalnița');
INSERT INTO public."Orase" (id_oras, nume) VALUES (200, E'Calafat');
INSERT INTO public."Orase" (id_oras, nume) VALUES (201, E'Vânju Mare');
INSERT INTO public."Orase" (id_oras, nume) VALUES (202, E'Orșova');
INSERT INTO public."Orase" (id_oras, nume) VALUES (203, E'Baia de Aramă');
INSERT INTO public."Orase" (id_oras, nume) VALUES (204, E'Strehaia');
INSERT INTO public."Orase" (id_oras, nume) VALUES (205, E'Vânju Mare');
INSERT INTO public."Orase" (id_oras, nume) VALUES (206, E'Motru');
INSERT INTO public."Orase" (id_oras, nume) VALUES (207, E'Târgu Cărbunești');
INSERT INTO public."Orase" (id_oras, nume) VALUES (208, E'Rovinari');
INSERT INTO public."Orase" (id_oras, nume) VALUES (209, E'Novaci');
INSERT INTO public."Orase" (id_oras, nume) VALUES (210, E'Bumbeşti-Jiu');
INSERT INTO public."Orase" (id_oras, nume) VALUES (211, E'Tismana');
INSERT INTO public."Orase" (id_oras, nume) VALUES (212, E'Turceni');
INSERT INTO public."Orase" (id_oras, nume) VALUES (213, E'Țicleni');
INSERT INTO public."Orase" (id_oras, nume) VALUES (214, E'Bălcești');
INSERT INTO public."Orase" (id_oras, nume) VALUES (215, E'Dragotești');
INSERT INTO public."Orase" (id_oras, nume) VALUES (216, E'Băbeni');
INSERT INTO public."Orase" (id_oras, nume) VALUES (217, E'Drăgășani');
INSERT INTO public."Orase" (id_oras, nume) VALUES (218, E'Călimănești');
INSERT INTO public."Orase" (id_oras, nume) VALUES (219, E'Horezu');
INSERT INTO public."Orase" (id_oras, nume) VALUES (220, E'Ocnele Mari');
INSERT INTO public."Orase" (id_oras, nume) VALUES (221, E'Brezoi');
INSERT INTO public."Orase" (id_oras, nume) VALUES (222, E'Băile Olănești');
INSERT INTO public."Orase" (id_oras, nume) VALUES (223, E'Bălcești');
INSERT INTO public."Orase" (id_oras, nume) VALUES (224, E'Berislăvești');
INSERT INTO public."Orase" (id_oras, nume) VALUES (225, E'Băile Govora');
INSERT INTO public."Orase" (id_oras, nume) VALUES (226, E'Mioveni');
INSERT INTO public."Orase" (id_oras, nume) VALUES (227, E'Câmpulung');
INSERT INTO public."Orase" (id_oras, nume) VALUES (228, E'Topoloveni');
INSERT INTO public."Orase" (id_oras, nume) VALUES (229, E'Ștefănești');
INSERT INTO public."Orase" (id_oras, nume) VALUES (230, E'Costești');
INSERT INTO public."Orase" (id_oras, nume) VALUES (231, E'Comarnic');
INSERT INTO public."Orase" (id_oras, nume) VALUES (232, E'Sinaia');
INSERT INTO public."Orase" (id_oras, nume) VALUES (233, E'Băicoi');
INSERT INTO public."Orase" (id_oras, nume) VALUES (234, E'Vălenii de Munte');
INSERT INTO public."Orase" (id_oras, nume) VALUES (235, E'Mizil');
INSERT INTO public."Orase" (id_oras, nume) VALUES (236, E'Urlați');
INSERT INTO public."Orase" (id_oras, nume) VALUES (237, E'Plopeni');
INSERT INTO public."Orase" (id_oras, nume) VALUES (238, E'Slănic');
INSERT INTO public."Orase" (id_oras, nume) VALUES (239, E'Azuga');
INSERT INTO public."Orase" (id_oras, nume) VALUES (240, E'Breaza');
INSERT INTO public."Orase" (id_oras, nume) VALUES (241, E'Bușteni');
INSERT INTO public."Orase" (id_oras, nume) VALUES (242, E'Boldești-Scăeni');
INSERT INTO public."Orase" (id_oras, nume) VALUES (243, E'Moreni');
INSERT INTO public."Orase" (id_oras, nume) VALUES (244, E'Pucioasa');
INSERT INTO public."Orase" (id_oras, nume) VALUES (245, E'Fieni');
INSERT INTO public."Orase" (id_oras, nume) VALUES (246, E'Gaești');
INSERT INTO public."Orase" (id_oras, nume) VALUES (247, E'Titu');
INSERT INTO public."Orase" (id_oras, nume) VALUES (248, E'Răcari');
INSERT INTO public."Orase" (id_oras, nume) VALUES (249, E'Urziceni');
INSERT INTO public."Orase" (id_oras, nume) VALUES (250, E'Fetești');
INSERT INTO public."Orase" (id_oras, nume) VALUES (251, E'Țăndărei');
INSERT INTO public."Orase" (id_oras, nume) VALUES (252, E'Fierbinți-Târg');
INSERT INTO public."Orase" (id_oras, nume) VALUES (253, E'Amara');
INSERT INTO public."Orase" (id_oras, nume) VALUES (254, E'Căzănești');
INSERT INTO public."Orase" (id_oras, nume) VALUES (255, E'Videle');
INSERT INTO public."Orase" (id_oras, nume) VALUES (256, E'Roșiorii de Vede');
INSERT INTO public."Orase" (id_oras, nume) VALUES (257, E'Turnu Măgurele');
INSERT INTO public."Orase" (id_oras, nume) VALUES (258, E'Zimnicea');
INSERT INTO public."Orase" (id_oras, nume) VALUES (259, E'Țiganești');
INSERT INTO public."Orase" (id_oras, nume) VALUES (260, E'Talmaciu');
INSERT INTO public."Orase" (id_oras, nume) VALUES (261, E'Lehliu Gară');
INSERT INTO public."Orase" (id_oras, nume) VALUES (262, E'Oltenița');
INSERT INTO public."Orase" (id_oras, nume) VALUES (263, E'Budești');
INSERT INTO public."Orase" (id_oras, nume) VALUES (264, E'Fundulea');
INSERT INTO public."Orase" (id_oras, nume) VALUES (265, E'Cernavodă');
INSERT INTO public."Orase" (id_oras, nume) VALUES (266, E'Medgidia');
INSERT INTO public."Orase" (id_oras, nume) VALUES (267, E'Năvodari');
INSERT INTO public."Orase" (id_oras, nume) VALUES (268, E'Techirghiol');
INSERT INTO public."Orase" (id_oras, nume) VALUES (269, E'Eforie');
INSERT INTO public."Orase" (id_oras, nume) VALUES (270, E'Hârșova');
INSERT INTO public."Orase" (id_oras, nume) VALUES (271, E'Negru Vodă');
INSERT INTO public."Orase" (id_oras, nume) VALUES (272, E'Murfatlar');
INSERT INTO public."Orase" (id_oras, nume) VALUES (273, E'Ovidiu');
INSERT INTO public."Orase" (id_oras, nume) VALUES (274, E'Băneasa');
INSERT INTO public."Orase" (id_oras, nume) VALUES (275, E'Costinești');
INSERT INTO public."Orase" (id_oras, nume) VALUES (276, E'Însurăței');
INSERT INTO public."Orase" (id_oras, nume) VALUES (277, E'Ianca');
INSERT INTO public."Orase" (id_oras, nume) VALUES (278, E'Târgu Ocna');
INSERT INTO public."Orase" (id_oras, nume) VALUES (279, E'Buhuși');
INSERT INTO public."Orase" (id_oras, nume) VALUES (280, E'Dărmănești');
INSERT INTO public."Orase" (id_oras, nume) VALUES (281, E'Slănic-Moldova');
INSERT INTO public."Orase" (id_oras, nume) VALUES (282, E'Comanesti');
INSERT INTO public."Orase" (id_oras, nume) VALUES (283, E'Zemeș');
INSERT INTO public."Orase" (id_oras, nume) VALUES (284, E'Gura Humorului');
INSERT INTO public."Orase" (id_oras, nume) VALUES (285, E'Solca');
INSERT INTO public."Orase" (id_oras, nume) VALUES (286, E'Milișăuți');
INSERT INTO public."Orase" (id_oras, nume) VALUES (287, E'Salcea');
INSERT INTO public."Orase" (id_oras, nume) VALUES (288, E'Liteni');
INSERT INTO public."Orase" (id_oras, nume) VALUES (289, E'Frasin');
INSERT INTO public."Orase" (id_oras, nume) VALUES (290, E'Dolhasca');
INSERT INTO public."Orase" (id_oras, nume) VALUES (291, E'Siret');
INSERT INTO public."Orase" (id_oras, nume) VALUES (292, E'Cajvana');
INSERT INTO public."Orase" (id_oras, nume) VALUES (293, E'Broșteni');
INSERT INTO public."Orase" (id_oras, nume) VALUES (294, E'Vicovu de Sus');
INSERT INTO public."Orase" (id_oras, nume) VALUES (295, E'Sărărie');
INSERT INTO public."Orase" (id_oras, nume) VALUES (296, E'Zimnicea');
INSERT INTO public."Orase" (id_oras, nume) VALUES (297, E'Țiganești');
INSERT INTO public."Orase" (id_oras, nume) VALUES (298, E'Bucecea');
INSERT INTO public."Orase" (id_oras, nume) VALUES (299, E'Ștefănești');
INSERT INTO public."Orase" (id_oras, nume) VALUES (300, E'Flămânzi');
INSERT INTO public."Orase" (id_oras, nume) VALUES (301, E'Săveni');
INSERT INTO public."Orase" (id_oras, nume) VALUES (302, E'Darabani');
INSERT INTO public."Orase" (id_oras, nume) VALUES (303, E'Dorohoi');
INSERT INTO public."Orase" (id_oras, nume) VALUES (304, E'Hârlău');
INSERT INTO public."Orase" (id_oras, nume) VALUES (305, E'Târgu Frumos');
INSERT INTO public."Orase" (id_oras, nume) VALUES (306, E'Podu Iloaiei');
INSERT INTO public."Orase" (id_oras, nume) VALUES (307, E'Hălăucești');
INSERT INTO public."Orase" (id_oras, nume) VALUES (308, E'Răchitoasa');
INSERT INTO public."Orase" (id_oras, nume) VALUES (309, E'Panciu');
INSERT INTO public."Orase" (id_oras, nume) VALUES (310, E'Mărășești');
INSERT INTO public."Orase" (id_oras, nume) VALUES (311, E'Odobești');
INSERT INTO public."Orase" (id_oras, nume) VALUES (312, E'Negrești');
INSERT INTO public."Orase" (id_oras, nume) VALUES (313, E'Murgeni');
INSERT INTO public."Orase" (id_oras, nume) VALUES (314, E'Negrești-Oaș');
INSERT INTO public."Orase" (id_oras, nume) VALUES (315, E'Ardud');
INSERT INTO public."Orase" (id_oras, nume) VALUES (316, E'Livada');
INSERT INTO public."Orase" (id_oras, nume) VALUES (317, E'Tășnad');
INSERT INTO public."Orase" (id_oras, nume) VALUES (318, E'Jibou');
INSERT INTO public."Orase" (id_oras, nume) VALUES (319, E'Șimleu Silvaniei');
INSERT INTO public."Orase" (id_oras, nume) VALUES (320, E'Cehu Silvaniei');
-- 320 randuri inserate in Orase

-- ---- Evenimente ----
INSERT INTO public."Evenimente" (id_event, name, description, location, date, organiser, imgpath, city, type, stoc_bilete, id_user) VALUES (2, E'Garden of Lights – Small World', E'Expoziţia immersivă „Garden of Lights – Small World” transformă grădina într‑o lume de poveste între 24 octombrie 2025 şi 1 martie 2026, cu instalaţii luminoase, tuneluri tematice şi zone foto interactive — o experienţă dedicată întregii familii.', E'Grădina Botanică „Dimitrie Brândză”, Șos. Cotroceni 32, Sector 6, București', E'2025-10-24 18:00:00+00', E'SMART Event Marketing', E'https://frglmxyomjqspveyszya.supabase.co/storage/v1/object/public/event-images/garden_of_lights.png', E'București', E'fizic', 500, NULL);
INSERT INTO public."Evenimente" (id_event, name, description, location, date, organiser, imgpath, city, type, stoc_bilete, id_user) VALUES (11, E'Turneu Bitză – 20 de ani de la Un Înger', E'Concert aniversar al artistului Bitză, ce marchează 20 de ani de la hitul „Un Înger”. Un show cu decor special, o selecţie de piese din întreaga carieră şi invitaţi surpriză pentru fanii rap/hip‑hop.', E'BT Arena, Str. Uzinei Electrice 4, Cluj-Napoca, Județ Cluj', E'2025-11-30 20:00:00+00', E'Bitză', E'https://frglmxyomjqspveyszya.supabase.co/storage/v1/object/public/event-images/bitza.png', E'Cluj-Napoca', E'fizic', 700, NULL);
INSERT INTO public."Evenimente" (id_event, name, description, location, date, organiser, imgpath, city, type, stoc_bilete, id_user) VALUES (10, E'CODRU Festival 2026', E'Festivalul „CODRU 2026” combină muzică live, artă contemporană şi experienţe outdoor în Timişoara – o ocazie de a celebra creativitatea, comunitatea şi muzica într‑un cadru alternativ.', E'Pădurea Bistra, Str. Aleea Codrului, Timișoara, Județ Timiș', E'2026-08-15 12:00:00+00', E'CODRU Org', E'https://frglmxyomjqspveyszya.supabase.co/storage/v1/object/public/event-images/codru.png', E'Timișoara', E'fizic', 5000, NULL);
INSERT INTO public."Evenimente" (id_event, name, description, location, date, organiser, imgpath, city, type, stoc_bilete, id_user) VALUES (18, E'Concert Vama la Hard Rock Cafe', E'Trupa Vama urcă pe scenă la Hard Rock Cafe într‑un concert intim, dar cu impact – hituri pop‑rock, conexiune cu publicul şi atmosferă de club-rock.', E'Hard Rock Cafe, Șos. Kiseleff 32, Sector 1, București', E'2025-11-25 20:00:00+00', E'Vama', E'https://frglmxyomjqspveyszya.supabase.co/storage/v1/object/public/event-images/concert_vama.png', E'București', E'fizic', 500, NULL);
INSERT INTO public."Evenimente" (id_event, name, description, location, date, organiser, imgpath, city, type, stoc_bilete, id_user) VALUES (13, E'Turneu Fuego – Iarna Colindelor', E'Concertul susţinut de artistul Fuego aduce colinde, poveşti muzicale şi momente solemne de reculegere – un spectacol de iarnă pentru toată familia, într‑un decor festiv.', E'Casa de Cultură a Sindicatelor, Str. I.C. Brătianu 1, Târgoviște', E'2025-12-10 19:00:00+00', E'Fuego', E'https://frglmxyomjqspveyszya.supabase.co/storage/v1/object/public/event-images/fuego.png', E'Târgoviște', E'fizic', 900, NULL);
INSERT INTO public."Evenimente" (id_event, name, description, location, date, organiser, imgpath, city, type, stoc_bilete, id_user) VALUES (33, E'Zdob și Zdub - Concert aniversar', E'Concert aniversar 30 de ani Zdob și Zdub.', E'Arenele Romane', E'2025-11-29 18:00:00+00', E'Arenele Romane', E'https://frglmxyomjqspveyszya.supabase.co/storage/v1/object/public/event-images/zdob_si_zdub.png', E'București', E'fizic', 700, NULL);
INSERT INTO public."Evenimente" (id_event, name, description, location, date, organiser, imgpath, city, type, stoc_bilete, id_user) VALUES (6, E'Stand-up comedy cu Mihai Bobonete', E'Spectacolul de stand‑up al comedianului Mihai Bobonete promite o seară plină de umor, observaţii despre viaţă cotidiană, improvizaţii cu publicul şi un show relaxat în Sala Palatului — ideal pentru o ieşire cu prietenii.', E'Sala Palatului, Str. Ion Câmpineanu 28, Sector 1, București', E'2025-11-20 20:00:00+00', E'Bobonete Show', E'https://frglmxyomjqspveyszya.supabase.co/storage/v1/object/public/event-images/metamorfoza.png', E'București', E'fizic', 700, NULL);
INSERT INTO public."Evenimente" (id_event, name, description, location, date, organiser, imgpath, city, type, stoc_bilete, id_user) VALUES (16, E'Luis Gabriel – Miercurea Fetelor', E'Concert‑party marca Luis Gabriel, eveniment „Miercurea Fetelor”, cu atmosferă de club, muzică populară/party, acces gratuit pentru studente până la o anumită oră şi surprize pentru publicul feminin.', E'ONE Club, Șos. Orhideelor 1, Sector 6, București', E'2025-10-22 21:30:00+00', E'Luis Gabriel', E'https://frglmxyomjqspveyszya.supabase.co/storage/v1/object/public/event-images/miercurea_fetelor.png', E'București', E'fizic', 800, NULL);
INSERT INTO public."Evenimente" (id_event, name, description, location, date, organiser, imgpath, city, type, stoc_bilete, id_user) VALUES (7, E'Musicalul Invizibilii', E'„Invizibilii” este un musical românesc cu tematică contemporană, ce combină muzică, dans şi proiecţii multimedia. Un spectacol care vorbeşte despre visuri, identitate şi supravieţuire în societate, adresat publicului larg.', E'Teatrul Național București, Bd. Nicolae Bălcescu 2, Sector 1, București', E'2025-12-05 19:30:00+00', E'Armonie Productions', E'https://frglmxyomjqspveyszya.supabase.co/storage/v1/object/public/event-images/musicalul_invizibilii.png', E'București', E'fizic', 600, NULL);
INSERT INTO public."Evenimente" (id_event, name, description, location, date, organiser, imgpath, city, type, stoc_bilete, id_user) VALUES (17, E'Turneu Paraziții – Underground Tour', E'Concert hip‑hop cu grupul Paraziții în turneu „Underground Tour” – show energic, public numeros, freestyle şi vibe de club/arena, dedicat fanilor underground.', E'Form Space, Str. Stadionului 4, Cluj-Napoca, Județ Cluj', E'2025-11-30 21:00:00+00', E'Paraziții', E'https://frglmxyomjqspveyszya.supabase.co/storage/v1/object/public/event-images/parazitii.png', E'Cluj-Napoca', E'fizic', 1000, NULL);
INSERT INTO public."Evenimente" (id_event, name, description, location, date, organiser, imgpath, city, type, stoc_bilete, id_user) VALUES (1, E'RICKY MARTIN LIVE', E'Superstarul internaţional Ricky Martin revine în România pe 16 decembrie 2025 cu spectacolul „Ricky Martin LIVE”, ce promite un show complet: trupă live, dansatori, proiecţii video, efecte de lumină şi hituri precum „Livin’ la Vida Loca” şi „She Bangs”.', E'Romexpo, Bd. Mărăști 65-67, Sector 1, București', E'2025-12-16 20:00:00+00', E'Events Romania', E'https://frglmxyomjqspveyszya.supabase.co/storage/v1/object/public/event-images/ricky_martin_live.png', E'București', E'fizic', 1000, NULL);
INSERT INTO public."Evenimente" (id_event, name, description, location, date, organiser, imgpath, city, type, stoc_bilete, id_user) VALUES (3, E'SMILEY @ SALA PALATULUI', E'Concertul artistului român Smiley la Sala Palatului aduce energie, interacţiune cu publicul şi un spectacol vizual modern: hituri pop‑rock, elemente scenice surpriză şi atmosferă de concert pentru fani de toate vârstele.', E'Sala Palatului, Str. Ion Câmpineanu 28, Sector 1, București', E'2025-03-15 20:00:00+00', E'HaHaHa Production', E'https://frglmxyomjqspveyszya.supabase.co/storage/v1/object/public/event-images/smiley.png', E'București', E'fizic', 900, NULL);
INSERT INTO public."Evenimente" (id_event, name, description, location, date, organiser, imgpath, city, type, stoc_bilete, id_user) VALUES (12, E'Turneu Tudor Gheorghe – The Best of de Toamnă', E'Evenimentul îl are ca protagonist pe reputatul artist Tudor Gheorghe într‑o selecţie „The Best of” ce cuprinde piese reprezentative din cariera sa. Un recital dedicat melomanilor şi publicului adult, într‑o atmosferă intimă de toamnă.', E'Casa de Cultură a Sindicatelor, Bd. Victoriei 10, Sibiu', E'2025-11-15 19:00:00+00', E'Tudor Gheorghe', E'https://frglmxyomjqspveyszya.supabase.co/storage/v1/object/public/event-images/tudor_gheorghe.png', E'Sibiu', E'fizic', 900, NULL);
INSERT INTO public."Evenimente" (id_event, name, description, location, date, organiser, imgpath, city, type, stoc_bilete, id_user) VALUES (8, E'Turneu Regal vienez – Concert extraordinar', E'Turneul „Regal vienez” reuneşte muzicieni şi orchestră tradiţională vieneză într‑o seară de valsuri, polci şi marşuri clasice, în stilul balului imperial de la Viena — o experienţă elegantă de Crăciun.', E'Ateneul Român, Str. Benjamin Franklin 1-3, Sector 1, București', E'2025-12-21 19:00:00+00', E'Regal Viena', E'https://frglmxyomjqspveyszya.supabase.co/storage/v1/object/public/event-images/turneu_regal_vienez.png', E'București', E'fizic', 800, NULL);
INSERT INTO public."Evenimente" (id_event, name, description, location, date, organiser, imgpath, city, type, stoc_bilete, id_user) VALUES (15, E'West Side Hallo Fest', E'Festivalul de Halloween „West Side Hallo Fest” propune o noapte cu muzică, costume, DJ‑seturi, instalaţii tematice şi distracţie până târziu – ideal pentru tineri şi petrecăreţi.', E'Romexpo, Bd. Mărăști 65-67, Sector 1, București', E'2025-10-31 18:00:00+00', E'Hall Events', E'https://frglmxyomjqspveyszya.supabase.co/storage/v1/object/public/event-images/west_side.png', E'București', E'fizic', 4000, NULL);
INSERT INTO public."Evenimente" (id_event, name, description, location, date, organiser, imgpath, city, type, stoc_bilete, id_user) VALUES (5, E'BEACH, PLEASE! Festival 2026', E'Festivalul „BEACH, PLEASE! 2026” aduce la malul mării, în staţiunea Costinești, muzică live, DJ seturi, zone de relaxare, activităţi de zi şi petreceri pe plajă — o experienţă de vară şi festival pentru tineri.', E'Costinești Beach, Str. Tineretului, Costinești, Județ Constanța', E'2026-07-25 12:00:00+00', E'Global Records', E'https://frglmxyomjqspveyszya.supabase.co/storage/v1/object/public/event-images/beach_please2.png', E'Costinești', E'fizic', 5000, NULL);
INSERT INTO public."Evenimente" (id_event, name, description, location, date, organiser, imgpath, city, type, stoc_bilete, id_user) VALUES (34, E'Oscar @ Apa & Ștefan III - 5 Years', E'Concert aniversar 5 ani Oscar @ Apa & Ștefan III.', E'Arenele Romane', E'2025-12-06 18:00:00+00', E'Arenele Romane', E'https://frglmxyomjqspveyszya.supabase.co/storage/v1/object/public/event-images/oscar_apa.png', E'București', E'fizic', 600, NULL);
INSERT INTO public."Evenimente" (id_event, name, description, location, date, organiser, imgpath, city, type, stoc_bilete, id_user) VALUES (14, E'Piatra Neamț: Calea, Adevărul și Viața', E'Un spectacol muzical‑creştin ce combină cor, solo‑voce şi orchestră, intitulat „Calea, Adevărul şi Viaţa”, într‑o seară dedicată spiritualităţii, muzicii sacre şi comunităţii locale.', E'Casa de Cultură a Sindicatelor, Str. Alexandru cel Bun 26, Piatra Neamț', E'2025-11-09 19:00:00+00', E'Cor Cantus', E'https://frglmxyomjqspveyszya.supabase.co/storage/v1/object/public/event-images/calea_adevarul.png', E'Piatra Neamț', E'fizic', 600, NULL);
INSERT INTO public."Evenimente" (id_event, name, description, location, date, organiser, imgpath, city, type, stoc_bilete, id_user) VALUES (19, E'Stand-up comedy cu Teo, Vio și Costel', E'Spectacol de stand‑up în care comedianţii Teo, Vio şi Costel oferă o seară de umor proaspăt, improvizaţie şi interacţiune cu publicul – perfect pentru o ieşire relaxantă.', E'Sala Palatului, Str. Ion Câmpineanu 28, Sector 1, București', E'2025-11-27 20:00:00+00', E'StandUp Romania', E'https://frglmxyomjqspveyszya.supabase.co/storage/v1/object/public/event-images/greu_de_glumit.png', E'București', E'fizic', 800, NULL);
INSERT INTO public."Evenimente" (id_event, name, description, location, date, organiser, imgpath, city, type, stoc_bilete, id_user) VALUES (4, E'IRON MAIDEN – Run For Your Lives', E'Legendarul grup britanic Iron Maiden cântă în 2026 ca parte a turneului „Run For Your Lives”. Concertul include scenă spectaculoasă, light‑show şi un playlist aniversar pentru mai mulţi ani de activitate, destinat fanilor metal din întreaga țară.', E'Arena Națională, Bd. Basarabia 37-39, Sector 2, București', E'2026-06-10 20:00:00+00', E'Metal Events', E'https://frglmxyomjqspveyszya.supabase.co/storage/v1/object/public/event-images/iron_maiden.png', E'București', E'fizic', 2000, NULL);
INSERT INTO public."Evenimente" (id_event, name, description, location, date, organiser, imgpath, city, type, stoc_bilete, id_user) VALUES (20, E'Iași: Meci fotbal demonstrativ', E'Eveniment sportiv demonstrativ la Iaşi – meci de fotbal cu vedete/echipe de caritate, dedicat comunităţii locale, cu atmosferă relaxată de stadion şi implicare socială.', E'Stadionul Emil Alexandrescu, Str. Dr. Vicol, Iași', E'2025-11-29 16:00:00+00', E'Sport Events', E'https://frglmxyomjqspveyszya.supabase.co/storage/v1/object/public/event-images/meci_fotbal.png', E'Iași', E'fizic', 2000, NULL);
INSERT INTO public."Evenimente" (id_event, name, description, location, date, organiser, imgpath, city, type, stoc_bilete, id_user) VALUES (21, E'ROMANIA GAME SHOW', E'Expoziţie de gaming şi tehnologie, „ROMANIA GAME SHOW”, ce aduce jocuri, competiţii e‑sports, cosplay şi workshop‑uri – eveniment de tip expoziţie interactivă pentru pasionaţi de tehnologie.', E'Laminor Arena, București, Bulevardul Basarabia 256', E'2025-11-15 10:00:00+00', E'RGS', E'https://frglmxyomjqspveyszya.supabase.co/storage/v1/object/public/event-images/romania_game_show.png', E'București', E'fizic', 3000, NULL);
INSERT INTO public."Evenimente" (id_event, name, description, location, date, organiser, imgpath, city, type, stoc_bilete, id_user) VALUES (9, E'Turneu Ștefan Hrușcă – Colinde', E'Concert de colinde susţinut de cântăreţul folcloric Ștefan Hrușcă – o seară de sărbătoare, tradiţie, povești muzicale şi atmosferă caldă de iarnă, destinată iubitorilor de folclor autentic.', E'Casa de Cultură a Sindicatelor, Str. Revoluției 2A, Miercurea Ciuc, Județ Harghita', E'2025-12-18 19:00:00+00', E'Ștefan Hrușcă', E'https://frglmxyomjqspveyszya.supabase.co/storage/v1/object/public/event-images/stefan_hrusca.png', E'Miercurea Ciuc', E'fizic', 1000, NULL);
INSERT INTO public."Evenimente" (id_event, name, description, location, date, organiser, imgpath, city, type, stoc_bilete, id_user) VALUES (22, E'Christmas Carols', E'„An evening of Christmas charm and timeless music …” cu Cvartet Sonore la palatul parlamentului', E'Sala C.A. Rosetti, Palatul Parlamentului, Bucureşti.', E'2025-12-19 18:30:00+00', E'Aria Pulse', E'https://frglmxyomjqspveyszya.supabase.co/storage/v1/object/public/event-images/christmas_carols.png', E'Bucureşti', E'fizic', 300, NULL);
INSERT INTO public."Evenimente" (id_event, name, description, location, date, organiser, imgpath, city, type, stoc_bilete, id_user) VALUES (23, E'Little Classics - Christmas Carols for Children', E'Concert dedicat copiilor: „Step into the festive atmosphere … designed especially for the little ones and their families.”', E'Sala C.A. Rosetti, Palatul Parlamentului, Bucureşti.', E'2025-12-19 16:30:00+00', E'Aria Kids', E'https://frglmxyomjqspveyszya.supabase.co/storage/v1/object/public/event-images/little_classics.png', E'Bucureşti', E'fizic', 200, NULL);
INSERT INTO public."Evenimente" (id_event, name, description, location, date, organiser, imgpath, city, type, stoc_bilete, id_user) VALUES (24, E'A Vision Of Elvis On Tour – The King is Back', E'„Rob Kingsley … brings to Bucharest the phenomenal show … The King is back – feel the magic live!”', E'Grădina Alhambra, Str. Constantin Mille 13, Bucureşti.', E'2025-11-22 17:00:00+00', E'7 Arts Events', E'https://frglmxyomjqspveyszya.supabase.co/storage/v1/object/public/event-images/elvis_presley.png', E'Bucureşti', E'fizic', 400, NULL);
INSERT INTO public."Evenimente" (id_event, name, description, location, date, organiser, imgpath, city, type, stoc_bilete, id_user) VALUES (25, E'BONEY M. Experience by Brad VEE', E'„BONEY M. Experience … o călătorie muzicală care readuce la viaţă spiritul disco al anilor ’70–’80.”', E'Grădina Alhambra, Str. Constantin Mille 13, Bucureşti.', E'2025-11-21 17:00:00+00', E'Grădina Alhambra', E'https://frglmxyomjqspveyszya.supabase.co/storage/v1/object/public/event-images/boney_m.png', E'Bucureşti', E'fizic', 350, NULL);
INSERT INTO public."Evenimente" (id_event, name, description, location, date, organiser, imgpath, city, type, stoc_bilete, id_user) VALUES (26, E'Concert Phoenix la Hard Rock Cafe', E'Un concert cu trupa Phoenix la Hard Rock Cafe.', E'Hard Rock Cafe Bucureşti – Soseaua Kiseleff 32, Parcul Regele Mihai I (Herastrau), Bucureşti.', E'2025-11-12 19:00:00+00', E'Hard Rock Cafe', E'https://frglmxyomjqspveyszya.supabase.co/storage/v1/object/public/event-images/phoenix.png', E'Bucureşti', E'fizic', 250, NULL);
INSERT INTO public."Evenimente" (id_event, name, description, location, date, organiser, imgpath, city, type, stoc_bilete, id_user) VALUES (27, E'Sibiu: A Vision Of Elvis On Tour – The King is Back', E'Spectacol „A Vision Of Elvis” — show tribut care aduce atmosfera Elvis în oraș.', E'Hotel Ramada Sibiu, Str. Emil Cioran nr. 2, Sibiu', E'2025-11-23 17:00:00+00', E'Hotel Ramada', E'https://frglmxyomjqspveyszya.supabase.co/storage/v1/object/public/event-images/sibiu_elvis_presley.png', E'Sibiu', E'fizic', 200, NULL);
INSERT INTO public."Evenimente" (id_event, name, description, location, date, organiser, imgpath, city, type, stoc_bilete, id_user) VALUES (28, E'Concert TROOPER — Quantic, București', E'Concert TROOPER în clubul Quantic (concert rock/metal). Copiii sub 7 ani intră gratuit', E'Quantic, București', E'2025-12-20 17:00:00+00', E'Quantic', E'https://frglmxyomjqspveyszya.supabase.co/storage/v1/object/public/event-images/trooper.png', E'București', E'fizic', 300, NULL);
INSERT INTO public."Evenimente" (id_event, name, description, location, date, organiser, imgpath, city, type, stoc_bilete, id_user) VALUES (29, E'ALTERNOSFERA — „Steaguri Fără Culori”', E'Turneu ALTERNOSFERA pentru albumul / proiectul „Steaguri Fără Culori”.', E'FORM SPACE, Cluj-Napoca', E'2025-12-06 19:00:00+00', E'Form Space', E'https://frglmxyomjqspveyszya.supabase.co/storage/v1/object/public/event-images/alternosfera.png', E'Cluj-Napoca', E'fizic', 250, NULL);
INSERT INTO public."Evenimente" (id_event, name, description, location, date, organiser, imgpath, city, type, stoc_bilete, id_user) VALUES (30, E'Brașov: JURJAK Acoustic — Rockstadt', E'Concert acoustic JURJAK — prezentare solo/acustic a artistului', E'Rockstadt, Brașov', E'2025-11-12 17:00:00+00', E'Rockstadt Brasov', E'https://frglmxyomjqspveyszya.supabase.co/storage/v1/object/public/event-images/brasov_jurjak.png', E'Brașov', E'fizic', 150, NULL);
INSERT INTO public."Evenimente" (id_event, name, description, location, date, organiser, imgpath, city, type, stoc_bilete, id_user) VALUES (31, E'Cartoons vs Classical strings — Concert for children', E'Concert pentru copii — program clasic adaptat pentru copii (Cartoons vs Classical strings). Destinat familiilor / copiilor', E'Teatrul de Revistă „Constantin Tănase”, București', E'2025-11-22 10:00:00+00', E'Teatrul de Revista Constantin Tanase', E'https://frglmxyomjqspveyszya.supabase.co/storage/v1/object/public/event-images/cartoons_vs_classic.png', E'București', E'fizic', 180, NULL);
INSERT INTO public."Evenimente" (id_event, name, description, location, date, organiser, imgpath, city, type, stoc_bilete, id_user) VALUES (32, E'Alifantis & FragileBand – Pofta de cântece', E'Concert special susținut de Nicu Alifantis & FragileBand.', E'Teatrul Național București', E'2025-12-06 17:00:00+00', E'Teatrul Național', E'https://frglmxyomjqspveyszya.supabase.co/storage/v1/object/public/event-images/alifantis.png', E'București', E'fizic', 500, NULL);
INSERT INTO public."Evenimente" (id_event, name, description, location, date, organiser, imgpath, city, type, stoc_bilete, id_user) VALUES (35, E'Connect-R - Ziua lui Ștefan', E'Concert aniversar de ziua lui Connect-R.', E'Sala Palatului', E'2026-06-19 17:00:00+00', E'Connect-R', E'https://frglmxyomjqspveyszya.supabase.co/storage/v1/object/public/event-images/connectr.png', E'București', E'fizic', 1200, NULL);
INSERT INTO public."Evenimente" (id_event, name, description, location, date, organiser, imgpath, city, type, stoc_bilete, id_user) VALUES (36, E'Colinde de suflet românesc - Vlăduț, Lupu și Tronos', E'Concert de colinde românești tradiționale.', E'Sala Palatului', E'2025-12-21 17:00:00+00', E'Sala Palatului', E'https://frglmxyomjqspveyszya.supabase.co/storage/v1/object/public/event-images/colinde_de_suflet.png', E'București', E'fizic', 900, NULL);
INSERT INTO public."Evenimente" (id_event, name, description, location, date, organiser, imgpath, city, type, stoc_bilete, id_user) VALUES (37, E'Spărgătorul de Nuci – Magia Baletului', E'Spectacol clasic de balet “Spărgătorul de Nuci”.', E'Sala Palatului', E'2025-12-13 17:00:00+00', E'Sala Palatului', E'https://frglmxyomjqspveyszya.supabase.co/storage/v1/object/public/event-images/spargatorul_de_nuci.png', E'București', E'fizic', 1000, NULL);
INSERT INTO public."Evenimente" (id_event, name, description, location, date, organiser, imgpath, city, type, stoc_bilete, id_user) VALUES (38, E'Turneu Proconsul - Concert Aniversar 25 de ani', E'Turneu aniversar al trupei Proconsul.', E'Versus Pub, Galați; Strada Brăilei 41', E'2025-11-14 17:00:00+00', E'Proconsul', E'https://frglmxyomjqspveyszya.supabase.co/storage/v1/object/public/event-images/proconsul.png', E'Galați', E'fizic', 800, NULL);
INSERT INTO public."Evenimente" (id_event, name, description, location, date, organiser, imgpath, city, type, stoc_bilete, id_user) VALUES (39, E'SKILLET', E'Concert al trupei americane SKILLET.', E'Arenele Romane', E'2026-05-12 17:00:00+00', E'Arenele Romane', E'https://frglmxyomjqspveyszya.supabase.co/storage/v1/object/public/event-images/skillet.png', E'București', E'fizic', 1500, NULL);
INSERT INTO public."Evenimente" (id_event, name, description, location, date, organiser, imgpath, city, type, stoc_bilete, id_user) VALUES (40, E'METRIK @ Noisebreak', E'Show METRIK la Quantic Club.', E'Quantic', E'2025-11-29 20:00:00+00', E'Noisebreak', E'https://frglmxyomjqspveyszya.supabase.co/storage/v1/object/public/event-images/metrik.png', E'București', E'fizic', 700, NULL);
INSERT INTO public."Evenimente" (id_event, name, description, location, date, organiser, imgpath, city, type, stoc_bilete, id_user) VALUES (41, E'Unforgettable Festival 2026 – The Next Chapter', E'Festival internațional de muzică electronică.', E'București', E'2026-09-05 15:00:00+00', E'Unforgettable Events', E'https://frglmxyomjqspveyszya.supabase.co/storage/v1/object/public/event-images/unforgetable.png', E'București', E'fizic', 3000, NULL);
INSERT INTO public."Evenimente" (id_event, name, description, location, date, organiser, imgpath, city, type, stoc_bilete, id_user) VALUES (42, E'Symphony Of Emotions – Christmas Songs', E'Concert simfonic de Crăciun.', E'Ateneul Român', E'2025-12-21 17:30:00+00', E'Ateneul Român', E'https://frglmxyomjqspveyszya.supabase.co/storage/v1/object/public/event-images/symphony.png', E'București', E'fizic', 500, NULL);
INSERT INTO public."Evenimente" (id_event, name, description, location, date, organiser, imgpath, city, type, stoc_bilete, id_user) VALUES (43, E'Încă O Zi la Cluj-Napoca! Concert Andra Reverie', E'Concert Andra în turneul Reverie.', E'Sala Polivalentă', E'2025-12-19 17:00:00+00', E'Andra', E'https://frglmxyomjqspveyszya.supabase.co/storage/v1/object/public/event-images/inca_o_zi_la_cluj.png', E'Cluj-Napoca', E'fizic', 2000, NULL);
INSERT INTO public."Evenimente" (id_event, name, description, location, date, organiser, imgpath, city, type, stoc_bilete, id_user) VALUES (44, E'Turneu Paula Seling - “Cel mai frumos colind”', E'Concert de colinde susținut de Paula Seling.', E'Cinema Mon Amour Piatra Neamt, Piatra-Neamt; Str. Ştefan cel Mare, nr. 14, Piatra Neamt', E'2025-12-05 17:00:00+00', E'Paula Seling', E'https://frglmxyomjqspveyszya.supabase.co/storage/v1/object/public/event-images/paula_seling.png', E'Piatra Neamt', E'fizic', 800, NULL);
INSERT INTO public."Evenimente" (id_event, name, description, location, date, organiser, imgpath, city, type, stoc_bilete, id_user) VALUES (45, E'Orchestra Simfonică București – Classic Queen Vibes', E'Concert simfonic dedicat trupei Queen.', E'Sala Palatului', E'2025-12-30 18:00:00+00', E'Orchestra Simfonică București', E'https://frglmxyomjqspveyszya.supabase.co/storage/v1/object/public/event-images/orchestra_simfonica.png', E'București', E'fizic', 1000, NULL);
INSERT INTO public."Evenimente" (id_event, name, description, location, date, organiser, imgpath, city, type, stoc_bilete, id_user) VALUES (46, E'Balkan Beats Bucharest 2026', E'Festival de muzică balcanică cu artiști internaționali.', E'Romexpo', E'2026-06-19 15:00:00+00', E'Romexpo', E'https://frglmxyomjqspveyszya.supabase.co/storage/v1/object/public/event-images/balkan_beats.png', E'București', E'fizic', 2500, NULL);
INSERT INTO public."Evenimente" (id_event, name, description, location, date, organiser, imgpath, city, type, stoc_bilete, id_user) VALUES (47, E'Turneu Direcția 5 - “Seductie” Live', E'Concert din turneul “Seductie” al trupei Direcția 5.', E'Centrul Cultural Eugen Ionescu, Slatina; Bulevardul Alexandru Ioan Cuza nr. 28 230016 Slatina', E'2025-11-15 18:00:00+00', E'Direcția 5', E'https://frglmxyomjqspveyszya.supabase.co/storage/v1/object/public/event-images/directia5.png', E'Slatina', E'fizic', 1000, NULL);
INSERT INTO public."Evenimente" (id_event, name, description, location, date, organiser, imgpath, city, type, stoc_bilete, id_user) VALUES (48, E'Povestea Lupilor', E'Spectacol de Crăciun pentru copii și familie.', E'Sala Palatului', E'2025-12-23 16:00:00+00', E'Sala Palatului', E'https://frglmxyomjqspveyszya.supabase.co/storage/v1/object/public/event-images/povestea_lupilor.png', E'București', E'fizic', 900, NULL);
INSERT INTO public."Evenimente" (id_event, name, description, location, date, organiser, imgpath, city, type, stoc_bilete, id_user) VALUES (49, E'Muzeul Fotbalului', E'Expoziție interactivă dedicată istoriei fotbalului.', E'Muzeul Fotbalului', E'2025-11-24 08:00:00+00', E'Muzeul Fotbalului', E'https://frglmxyomjqspveyszya.supabase.co/storage/v1/object/public/event-images/muzeul_fotbalului.png', E'București', E'fizic', 500, NULL);
INSERT INTO public."Evenimente" (id_event, name, description, location, date, organiser, imgpath, city, type, stoc_bilete, id_user) VALUES (50, E'Steampunk Transylvania', E'Expoziție tematică de artă și fantezie steampunk.', E'Steampunk Museum', E'2025-11-25 09:00:00+00', E'Steampunk Transylvania', E'https://frglmxyomjqspveyszya.supabase.co/storage/v1/object/public/event-images/steampunk.png', E'Cluj-Napoca', E'fizic', 400, NULL);
INSERT INTO public."Evenimente" (id_event, name, description, location, date, organiser, imgpath, city, type, stoc_bilete, id_user) VALUES (51, E'Turneu: Valentin Sanfira - “Din inimă pentru voi”', E'Turneu național cu Valentin Sanfira și invitații săi.', E'Sala Sporturilor Galati, Galați; Str. Stadionului, Galați 800402', E'2025-11-22 17:00:00+00', E'Valentin Sanfira', E'https://frglmxyomjqspveyszya.supabase.co/storage/v1/object/public/event-images/valentin_sanfira.png', E'Galați', E'fizic', 800, NULL);
INSERT INTO public."Evenimente" (id_event, name, description, location, date, organiser, imgpath, city, type, stoc_bilete, id_user) VALUES (52, E'Musicalul Mamma Mia', E'Spectacolul celebru “Mamma Mia” revine la Sala Palatului.', E'Sala Palatului', E'2025-12-28 17:00:00+00', E'Sala Palatului', E'https://frglmxyomjqspveyszya.supabase.co/storage/v1/object/public/event-images/musicalul_mamma_mia.png', E'București', E'fizic', 1000, NULL);
INSERT INTO public."Evenimente" (id_event, name, description, location, date, organiser, imgpath, city, type, stoc_bilete, id_user) VALUES (53, E'Museum of Senses', E'Experiență interactivă senzorială pentru toate vârstele.', E'Museum of Senses', E'2025-11-26 08:00:00+00', E'Museum of Senses', E'https://frglmxyomjqspveyszya.supabase.co/storage/v1/object/public/event-images/museum_of_sense.png', E'București', E'fizic', 600, NULL);
INSERT INTO public."Evenimente" (id_event, name, description, location, date, organiser, imgpath, city, type, stoc_bilete, id_user) VALUES (54, E'JURJAK - 10 Ani', E'Concert aniversar 10 ani Jurjak.', E'Quantic', E'2025-11-21 18:00:00+00', E'Jurjak', E'https://frglmxyomjqspveyszya.supabase.co/storage/v1/object/public/event-images/jurjak_10_ani.png', E'București', E'fizic', 700, NULL);
INSERT INTO public."Evenimente" (id_event, name, description, location, date, organiser, imgpath, city, type, stoc_bilete, id_user) VALUES (55, E'Art Safari Ediția 17', E'Expoziție de artă contemporană și clasică.', E'Palatul Dacia-România', E'2025-11-20 08:00:00+00', E'Art Safari', E'https://frglmxyomjqspveyszya.supabase.co/storage/v1/object/public/event-images/art_safari.png', E'București', E'fizic', 1200, NULL);
INSERT INTO public."Evenimente" (id_event, name, description, location, date, organiser, imgpath, city, type, stoc_bilete, id_user) VALUES (63, E'Google AI Essentials Workshop', E'Master the basics of Generative AI with Google experts and live projects.', E'https://www.coursera.org/google-ai-essentials', E'2026-01-15 10:00:00+00', E'Google', E'https://frglmxyomjqspveyszya.supabase.co/storage/v1/object/public/event-images/googleAI.png', NULL, E'virtual', 1000, NULL);
INSERT INTO public."Evenimente" (id_event, name, description, location, date, organiser, imgpath, city, type, stoc_bilete, id_user) VALUES (62, E'Tortuga Music Festival 2026', E'A 3-day beach festival brought to your screen supporting ocean conservation.', E'https://tortugamusicfestival.com/', E'2026-04-12 12:00:00+00', E'Live Nation', E'https://frglmxyomjqspveyszya.supabase.co/storage/v1/object/public/event-images/tortuga2026.png', NULL, E'virtual', 1000, NULL);
INSERT INTO public."Evenimente" (id_event, name, description, location, date, organiser, imgpath, city, type, stoc_bilete, id_user) VALUES (64, E'Jamiroquai Live Tour Stream', E'Catch the funk legends Jamiroquai live from The O2 London in HD.', E'https://www.jamiroquai.com/events/', E'2025-12-09 20:00:00+00', E'Jamiroquai HQ', E'https://frglmxyomjqspveyszya.supabase.co/storage/v1/object/public/event-images/jamiroquai2025.png', NULL, E'virtual', 1000, NULL);
INSERT INTO public."Evenimente" (id_event, name, description, location, date, organiser, imgpath, city, type, stoc_bilete, id_user) VALUES (58, E'Sundance Film Festival 2026', E'The ultimate gathering of original storytellers and indie movie screenings.', E'https://festival.sundance.org/', E'2026-01-22 10:00:00+00', E'Sundance Institute', E'https://frglmxyomjqspveyszya.supabase.co/storage/v1/object/public/event-images/sundance.png', NULL, E'virtual', 1000, NULL);
INSERT INTO public."Evenimente" (id_event, name, description, location, date, organiser, imgpath, city, type, stoc_bilete, id_user) VALUES (59, E'Innings Festival 2026', E'Experience the Innings Festival live from Tempe Arizona featuring top bands.', E'https://www.inningsfestival.com/', E'2026-02-21 14:00:00+00', E'C3 Presents', E'https://frglmxyomjqspveyszya.supabase.co/storage/v1/object/public/event-images/innings2026.png', NULL, E'virtual', 1000, NULL);
INSERT INTO public."Evenimente" (id_event, name, description, location, date, organiser, imgpath, city, type, stoc_bilete, id_user) VALUES (61, E'Drapers Conscious Fashion Summit', E'Driving sustainability in fashion bringing together brands and retailers.', E'https://www.drapersonline.com/', E'2026-03-11 10:00:00+00', E'Drapers', E'https://frglmxyomjqspveyszya.supabase.co/storage/v1/object/public/event-images/drapers2026.png', NULL, E'virtual', 1000, NULL);
INSERT INTO public."Evenimente" (id_event, name, description, location, date, organiser, imgpath, city, type, stoc_bilete, id_user) VALUES (60, E'OLC Innovate 2026', E'Join educators worldwide to reimagine the learning experience with virtual workshops.', E'https://onlinelearningconsortium.org/', E'2026-03-03 09:00:00+00', E'Online Learning Consortium', E'https://frglmxyomjqspveyszya.supabase.co/storage/v1/object/public/event-images/olc.png', NULL, E'virtual', 1000, NULL);
INSERT INTO public."Evenimente" (id_event, name, description, location, date, organiser, imgpath, city, type, stoc_bilete, id_user) VALUES (65, E'SBC Summit 2026', E'Global betting and gaming show with expert panels and product showcases.', E'https://sbcevents.com/', E'2026-01-20 09:00:00+00', E'SBC Events', E'https://frglmxyomjqspveyszya.supabase.co/storage/v1/object/public/event-images/sbc_summit2026.png', NULL, E'virtual', 1000, NULL);
INSERT INTO public."Evenimente" (id_event, name, description, location, date, organiser, imgpath, city, type, stoc_bilete, id_user) VALUES (56, E'NRF Retail Big Show 2026', E'The worlds largest retail conference and expo about eCommerce trends.', E'https://nrfbigshow.nrf.com/', E'2026-01-11 09:00:00+00', E'NRF', E'https://frglmxyomjqspveyszya.supabase.co/storage/v1/object/public/event-images/nrf2026.png', NULL, E'virtual', 1000, NULL);
INSERT INTO public."Evenimente" (id_event, name, description, location, date, organiser, imgpath, city, type, stoc_bilete, id_user) VALUES (57, E'Berlin Short Film Festival', E'Access exclusive short films from independent creators around the world.', E'https://www.berlinshort.com/', E'2026-01-14 18:00:00+00', E'Berlin Film Society', E'https://frglmxyomjqspveyszya.supabase.co/storage/v1/object/public/event-images/berlin_film.png', NULL, E'virtual', 1000, NULL);
INSERT INTO public."Evenimente" (id_event, name, description, location, date, organiser, imgpath, city, type, stoc_bilete, id_user) VALUES (70, E'Event TEST 2', E'waiofhjawpifuhjnas9ifuhjdaw08f7hawf9hu8i70afawfwaiofhjawpifuhjnas9ifuhjdaw08f7hawf9hu8i70afawfwaiofhjawpifuhjnas9ifuhjdaw08f7hawf9hu8i70afawfwaiofhjawpifuhjnas9ifuhjdaw08f7hawf9hu8i70afawfwaiofhjawpifuhjnas9ifuhjdaw08f7hawf9hu8i70afawfwaiofhjawpifuhjnas9ifuhjdaw08f7hawf9hu8i70afawfwaiofhjawpifuhjnas9ifuhjdaw08f7hawf9hu8i70afawfwaiofhjawpifuhjnas9ifuhjdaw08f7hawf9hu8i70afawfwaiofhjawpifuhjnas9ifuhjdaw08f7hawf9hu8i70afawfwaiofhjawpifuhjnas9ifuhjdaw08f7hawf9hu8i70afawfwaiofhjawpifuhjnas9ifuhjdaw08f7hawf9hu8i70afawfwaiofhjawpifuhjnas9ifuhjdaw08f7hawf9hu8i70afawf', E'Galati', E'2025-12-25 12:56:15+00', E'La Munca SRL', E'https://frglmxyomjqspveyszya.supabase.co/storage/v1/object/public/event-images/Event%20Test.png', E'Galați', E'virtual', 1000, 12);
INSERT INTO public."Evenimente" (id_event, name, description, location, date, organiser, imgpath, city, type, stoc_bilete, id_user) VALUES (69, E'Event Test', E'What is Lorem Ipsum?\nLorem Ipsum is simply dummy text of the printing and typesetting industry. Lorem Ipsum has been the industry''s standard dummy text ever since the 1500s, when an unknown printer took a galley of type and scrambled it to make a type specimen book. It has survived not only five centuries, but also the leap into electronic typesetting, remaining essentially unchanged. It was popularised in the 1960s with the release of Letraset sheets containing Lorem Ipsum passages, and more recently with desktop publishing software like Aldus PageMaker including versions of Lorem Ipsum.\nWhat is Lorem Ipsum?\nLorem Ipsum is simply dummy text of the printing and typesetting industry. Lorem Ipsum has been the industry''s standard dummy text ever since the 1500s, when an unknown printer took a galley of type and scrambled it to make a type specimen book. It has survived not only five centuries, but also the leap into electronic typesetting, remaining essentially unchanged. It was popularised in the 1960s with the release of Letraset sheets containing Lorem Ipsum passages, and more recently with desktop publishing software like Aldus PageMaker including versions of Lorem Ipsum.\nWhat is Lorem Ipsum?\nLorem Ipsum is simply dummy text of the printing and typesetting industry. Lorem Ipsum has been the industry''s standard dummy text ever since the 1500s, when an unknown printer took a galley of type and scrambled it to make a type specimen book. It has survived not only five centuries, but also the leap into electronic typesetting, remaining essentially unchanged. It was popularised in the 1960s with the release of Letraset sheets containing Lorem Ipsum passages, and more recently with desktop publishing software like Aldus PageMaker including versions of Lorem Ipsum.', E'Adresa de Test', E'2025-07-12 20:25:00+00', E'La Munca SRL', E'https://frglmxyomjqspveyszya.supabase.co/storage/v1/object/public/event-images/calea_adevarul.png', E'Galați', E'fizic', 1000, 12);
-- 67 randuri inserate in Evenimente

-- ---- Bilet ----
INSERT INTO public."Bilet" (id_bilet, denumire, pret, loc_eveniment, description, id_event) VALUES (1, E'VIP Golden Circle', 899, E'Golden Circle - Fața scenei', E'Acces în zona VIP Golden Circle direct în fața scenei, cel mai aproape de artist. Include pahar de șampanie la intrare.', 1);
INSERT INTO public."Bilet" (id_bilet, denumire, pret, loc_eveniment, description, id_event) VALUES (2, E'Bilet Premium Standing', 599, E'Standing Arena Premium', E'Zonă standing premium cu vizibilitate excelentă spre scenă. Acces prioritar la intrare.', 1);
INSERT INTO public."Bilet" (id_bilet, denumire, pret, loc_eveniment, description, id_event) VALUES (3, E'Bilet Standard Standing', 399, E'Standing Arena General', E'Bilet standard în zona standing, atmosferă de concert live.', 1);
INSERT INTO public."Bilet" (id_bilet, denumire, pret, loc_eveniment, description, id_event) VALUES (4, E'Bilet Tribună Nord', 299, E'Tribună Nord - Locuri numerotate', E'Locuri pe scaune în tribuna Nord cu vedere bună spre scenă.', 1);
INSERT INTO public."Bilet" (id_bilet, denumire, pret, loc_eveniment, description, id_event) VALUES (5, E'Bilet Early Bird', 349, E'Standing Arena General', E'Ofertă early bird pentru primii cumpărători. Acces în zona standing general.', 1);
INSERT INTO public."Bilet" (id_bilet, denumire, pret, loc_eveniment, description, id_event) VALUES (6, E'Bilet Adult', 75, E'Intrare generală', E'Bilet adult pentru vizitarea expoziției Garden of Lights. Valabil o zi.', 2);
INSERT INTO public."Bilet" (id_bilet, denumire, pret, loc_eveniment, description, id_event) VALUES (7, E'Bilet Copil (3-12 ani)', 45, E'Intrare generală', E'Bilet pentru copii între 3 și 12 ani. Copiii sub 3 ani intră gratuit.', 2);
INSERT INTO public."Bilet" (id_bilet, denumire, pret, loc_eveniment, description, id_event) VALUES (8, E'Bilet Familie (2 adulți + 2 copii)', 199, E'Intrare generală', E'Pachet familie: 2 adulți și 2 copii. Economie 25%.', 2);
INSERT INTO public."Bilet" (id_bilet, denumire, pret, loc_eveniment, description, id_event) VALUES (9, E'Bilet Student/Pensionar', 60, E'Intrare generală', E'Bilet redus pentru studenți și pensionari. Necesită act dovadă.', 2);
INSERT INTO public."Bilet" (id_bilet, denumire, pret, loc_eveniment, description, id_event) VALUES (10, E'Bilet Weekend', 85, E'Intrare generală', E'Bilet adult valabil doar în weekend (sâmbătă și duminică).', 2);
INSERT INTO public."Bilet" (id_bilet, denumire, pret, loc_eveniment, description, id_event) VALUES (11, E'Loja VIP (4 persoane)', 1800, E'Lojă privată cu servicii premium', E'Lojă exclusivistă pentru 4 persoane cu servicii premium și băuturi incluse.', 3);
INSERT INTO public."Bilet" (id_bilet, denumire, pret, loc_eveniment, description, id_event) VALUES (12, E'Bilet Parterre Premium', 450, E'Parterre - Rândurile 1-10', E'Locuri premium în parterre, primele 10 rânduri, cel mai aproape de scenă.', 3);
INSERT INTO public."Bilet" (id_bilet, denumire, pret, loc_eveniment, description, id_event) VALUES (13, E'Bilet Parterre Standard', 299, E'Parterre - Rândurile 11-25', E'Locuri în parterre cu vizibilitate foarte bună.', 3);
INSERT INTO public."Bilet" (id_bilet, denumire, pret, loc_eveniment, description, id_event) VALUES (14, E'Bilet Balcon I', 249, E'Balcon I - Etaj 1', E'Locuri pe balconul 1 cu vedere bună spre scenă.', 3);
INSERT INTO public."Bilet" (id_bilet, denumire, pret, loc_eveniment, description, id_event) VALUES (15, E'Bilet Balcon II', 189, E'Balcon II - Etaj 2', E'Locuri pe balconul 2, prețuri accesibile.', 3);
INSERT INTO public."Bilet" (id_bilet, denumire, pret, loc_eveniment, description, id_event) VALUES (16, E'Bilet Golden Circle', 999, E'Golden Circle - Arena', E'Acces în zona Golden Circle, direct în fața scenei. Experiență de neuitat!', 4);
INSERT INTO public."Bilet" (id_bilet, denumire, pret, loc_eveniment, description, id_event) VALUES (17, E'Bilet Fan Pit', 699, E'Fan Pit - Arena centrală', E'Zonă dedicată fanilor metal, standing central cu atmosferă electrizantă.', 4);
INSERT INTO public."Bilet" (id_bilet, denumire, pret, loc_eveniment, description, id_event) VALUES (18, E'Bilet Standing General', 449, E'Standing Arena', E'Bilet standing în arena generală.', 4);
INSERT INTO public."Bilet" (id_bilet, denumire, pret, loc_eveniment, description, id_event) VALUES (19, E'Bilet Tribună Premium', 549, E'Tribună Premium - Locuri numerotate', E'Locuri pe scaune în tribuna premium cu vedere superioară.', 4);
INSERT INTO public."Bilet" (id_bilet, denumire, pret, loc_eveniment, description, id_event) VALUES (20, E'Bilet Tribună Standard', 349, E'Tribună Standard', E'Locuri numerotate în tribună, confort și vizibilitate bună.', 4);
INSERT INTO public."Bilet" (id_bilet, denumire, pret, loc_eveniment, description, id_event) VALUES (21, E'Bilet Early Bird Standing', 399, E'Standing Arena', E'Ofertă specială early bird pentru zona standing.', 4);
INSERT INTO public."Bilet" (id_bilet, denumire, pret, loc_eveniment, description, id_event) VALUES (28, E'Bilet Parterre Premium', 189, E'Parterre - Rânduri 1-8', E'Cele mai bune locuri, aproape de scenă, interacțiune directă cu artistul.', 6);
INSERT INTO public."Bilet" (id_bilet, denumire, pret, loc_eveniment, description, id_event) VALUES (29, E'Bilet Parterre Standard', 149, E'Parterre - Rânduri 9-20', E'Locuri excelente în parterre.', 6);
INSERT INTO public."Bilet" (id_bilet, denumire, pret, loc_eveniment, description, id_event) VALUES (30, E'Bilet Balcon I', 119, E'Balcon I', E'Locuri pe balcon cu vedere bună și acustică clară.', 6);
INSERT INTO public."Bilet" (id_bilet, denumire, pret, loc_eveniment, description, id_event) VALUES (31, E'Bilet Balcon II', 89, E'Balcon II', E'Bilete accesibile pe balconul 2.', 6);
INSERT INTO public."Bilet" (id_bilet, denumire, pret, loc_eveniment, description, id_event) VALUES (32, E'Bilet Orchestră Premium', 299, E'Orchestră - Rânduri 1-5', E'Cele mai bune locuri în orchestră, foarte aproape de scenă.', 7);
INSERT INTO public."Bilet" (id_bilet, denumire, pret, loc_eveniment, description, id_event) VALUES (33, E'Bilet Orchestră Standard', 229, E'Orchestră - Rânduri 6-15', E'Locuri în orchestră cu vizibilitate foarte bună.', 7);
INSERT INTO public."Bilet" (id_bilet, denumire, pret, loc_eveniment, description, id_event) VALUES (34, E'Bilet Mezanin', 179, E'Mezanin', E'Locuri pe mezanin cu vedere panoramică.', 7);
INSERT INTO public."Bilet" (id_bilet, denumire, pret, loc_eveniment, description, id_event) VALUES (35, E'Bilet Balcon', 129, E'Balcon', E'Locuri pe balcon, prețuri accesibile pentru studenți și tineret.', 7);
INSERT INTO public."Bilet" (id_bilet, denumire, pret, loc_eveniment, description, id_event) VALUES (36, E'Bilet Redus Student', 99, E'Balcon', E'Bilet redus pentru studenți cu legitimație. Zone disponibile: Balcon.', 7);
INSERT INTO public."Bilet" (id_bilet, denumire, pret, loc_eveniment, description, id_event) VALUES (37, E'Bilet Parterre Premium', 349, E'Parterre - Rânduri centrale', E'Cele mai bune locuri pentru un concert clasic vienez.', 8);
INSERT INTO public."Bilet" (id_bilet, denumire, pret, loc_eveniment, description, id_event) VALUES (38, E'Bilet Parterre Lateral', 249, E'Parterre - Lateral', E'Locuri pe laterale în parterre, acustică excelentă.', 8);
INSERT INTO public."Bilet" (id_bilet, denumire, pret, loc_eveniment, description, id_event) VALUES (39, E'Bilet Lojă', 399, E'Lojă privată (2 persoane)', E'Lojă elegantă pentru 2 persoane cu atmosferă intimă.', 8);
INSERT INTO public."Bilet" (id_bilet, denumire, pret, loc_eveniment, description, id_event) VALUES (40, E'Bilet Balcon', 179, E'Balcon', E'Locuri pe balcon în sala elegantă a Ateneului.', 8);
INSERT INTO public."Bilet" (id_bilet, denumire, pret, loc_eveniment, description, id_event) VALUES (41, E'Bilet Redus Pensionar', 149, E'Balcon', E'Preț special pentru pensionari. Necesită dovadă.', 8);
INSERT INTO public."Bilet" (id_bilet, denumire, pret, loc_eveniment, description, id_event) VALUES (42, E'Bilet Parterre', 149, E'Parterre - Locuri numerotate', E'Locuri în parterre pentru un concert de colinde tradiționale.', 9);
INSERT INTO public."Bilet" (id_bilet, denumire, pret, loc_eveniment, description, id_event) VALUES (43, E'Bilet Balcon I', 99, E'Balcon I', E'Locuri pe balcon cu vedere bună.', 9);
INSERT INTO public."Bilet" (id_bilet, denumire, pret, loc_eveniment, description, id_event) VALUES (44, E'Bilet Balcon II', 79, E'Balcon II', E'Bilete accesibile pentru familii.', 9);
INSERT INTO public."Bilet" (id_bilet, denumire, pret, loc_eveniment, description, id_event) VALUES (45, E'Bilet Familie (2 adulți + 2 copii)', 349, E'Locuri alăturate', E'Pachet familie pentru o seară tradițională de colinde.', 9);
INSERT INTO public."Bilet" (id_bilet, denumire, pret, loc_eveniment, description, id_event) VALUES (46, E'Abonament General 3 zile', 499, E'Acces general toate zilele', E'Abonament pentru toate zilele festivalului în Pădurea Bistra.', 10);
INSERT INTO public."Bilet" (id_bilet, denumire, pret, loc_eveniment, description, id_event) VALUES (47, E'Abonament VIP 3 zile', 999, E'Zona VIP festival', E'Acces VIP cu facilități premium, toalete separate, bar privat.', 10);
INSERT INTO public."Bilet" (id_bilet, denumire, pret, loc_eveniment, description, id_event) VALUES (48, E'Bilet 1 zi', 199, E'Acces o zi la alegere', E'Bilet pentru o singură zi de festival.', 10);
INSERT INTO public."Bilet" (id_bilet, denumire, pret, loc_eveniment, description, id_event) VALUES (49, E'Bilet Early Bird 3 zile', 399, E'Acces general toate zilele', E'Ofertă early bird pentru abonament 3 zile. Stoc limitat!', 10);
INSERT INTO public."Bilet" (id_bilet, denumire, pret, loc_eveniment, description, id_event) VALUES (50, E'Bilet Golden Circle', 299, E'Golden Circle - Fața scenei', E'Zona premium în fața scenei, atmosferă autentică hip-hop.', 11);
INSERT INTO public."Bilet" (id_bilet, denumire, pret, loc_eveniment, description, id_event) VALUES (51, E'Bilet Standing Premium', 199, E'Standing Premium', E'Zonă standing cu vizibilitate excelentă.', 11);
INSERT INTO public."Bilet" (id_bilet, denumire, pret, loc_eveniment, description, id_event) VALUES (52, E'Bilet Standing General', 149, E'Standing General', E'Bilet general standing pentru fanii rap/hip-hop.', 11);
INSERT INTO public."Bilet" (id_bilet, denumire, pret, loc_eveniment, description, id_event) VALUES (53, E'Bilet Tribună', 119, E'Tribună - Locuri numerotate', E'Locuri pe scaune în tribună.', 11);
INSERT INTO public."Bilet" (id_bilet, denumire, pret, loc_eveniment, description, id_event) VALUES (54, E'Bilet Parterre Premium', 199, E'Parterre - Rânduri 1-8', E'Cele mai bune locuri pentru un recital memorabil.', 12);
INSERT INTO public."Bilet" (id_bilet, denumire, pret, loc_eveniment, description, id_event) VALUES (55, E'Bilet Parterre Standard', 149, E'Parterre - Rânduri 9-20', E'Locuri în parterre cu acustică excelentă.', 12);
INSERT INTO public."Bilet" (id_bilet, denumire, pret, loc_eveniment, description, id_event) VALUES (56, E'Bilet Balcon I', 119, E'Balcon I', E'Locuri pe balcon cu vedere și acustică bună.', 12);
INSERT INTO public."Bilet" (id_bilet, denumire, pret, loc_eveniment, description, id_event) VALUES (57, E'Bilet Balcon II', 89, E'Balcon II', E'Bilete accesibile pe balconul 2.', 12);
INSERT INTO public."Bilet" (id_bilet, denumire, pret, loc_eveniment, description, id_event) VALUES (58, E'Bilet Parterre', 159, E'Parterre - Locuri numerotate', E'Locuri în parterre pentru concert de colinde.', 13);
INSERT INTO public."Bilet" (id_bilet, denumire, pret, loc_eveniment, description, id_event) VALUES (59, E'Bilet Balcon I', 119, E'Balcon I', E'Locuri pe balcon cu vedere bună.', 13);
INSERT INTO public."Bilet" (id_bilet, denumire, pret, loc_eveniment, description, id_event) VALUES (60, E'Bilet Balcon II', 89, E'Balcon II', E'Bilete la prețuri accesibile.', 13);
INSERT INTO public."Bilet" (id_bilet, denumire, pret, loc_eveniment, description, id_event) VALUES (61, E'Bilet Familie (2 adulți + 2 copii)', 449, E'Locuri alăturate - Parterre', E'Pachet special familie pentru o seară de Crăciun.', 13);
INSERT INTO public."Bilet" (id_bilet, denumire, pret, loc_eveniment, description, id_event) VALUES (62, E'Bilet Parterre', 79, E'Parterre', E'Locuri în parterre pentru spectacol muzical-creștin.', 14);
INSERT INTO public."Bilet" (id_bilet, denumire, pret, loc_eveniment, description, id_event) VALUES (63, E'Bilet Balcon', 59, E'Balcon', E'Locuri pe balcon, prețuri simbolice.', 14);
INSERT INTO public."Bilet" (id_bilet, denumire, pret, loc_eveniment, description, id_event) VALUES (64, E'Donație cu bilet Premium', 149, E'Parterre Premium', E'Bilet premium cu contribuție pentru comunitate.', 14);
INSERT INTO public."Bilet" (id_bilet, denumire, pret, loc_eveniment, description, id_event) VALUES (65, E'Bilet General Access', 99, E'Acces general festival', E'Bilet general pentru West Side Halloween Fest.', 15);
INSERT INTO public."Bilet" (id_bilet, denumire, pret, loc_eveniment, description, id_event) VALUES (66, E'Bilet VIP Lounge', 299, E'Zona VIP cu bar privat', E'Acces VIP cu băuturi incluse și zonă separată.', 15);
INSERT INTO public."Bilet" (id_bilet, denumire, pret, loc_eveniment, description, id_event) VALUES (67, E'Bilet Early Bird', 79, E'Acces general festival', E'Ofertă early bird pentru primii cumpărători.', 15);
INSERT INTO public."Bilet" (id_bilet, denumire, pret, loc_eveniment, description, id_event) VALUES (68, E'Bilet Grup 4 persoane', 349, E'Acces general - 4 intrări', E'Pachet pentru grup de 4 prieteni. Economie 12%.', 15);
INSERT INTO public."Bilet" (id_bilet, denumire, pret, loc_eveniment, description, id_event) VALUES (69, E'Bilet Fete - Free Entry până 23:00', 0, E'Intrare liberă fete', E'Intrare gratuită pentru fete până la ora 23:00. Prezentare CI obligatorie.', 16);
INSERT INTO public."Bilet" (id_bilet, denumire, pret, loc_eveniment, description, id_event) VALUES (70, E'Bilet Băieți', 50, E'Intrare generală', E'Bilet intrare pentru băieți.', 16);
INSERT INTO public."Bilet" (id_bilet, denumire, pret, loc_eveniment, description, id_event) VALUES (71, E'Bilet VIP Masă (min 4 pers)', 200, E'Masă rezervată VIP', E'Masă rezervată în zona VIP. Preț per persoană, minim 4 persoane.', 16);
INSERT INTO public."Bilet" (id_bilet, denumire, pret, loc_eveniment, description, id_event) VALUES (72, E'Bilet Golden Circle', 249, E'Golden Circle - Fața scenei', E'Zona premium pentru fanii underground hip-hop.', 17);
INSERT INTO public."Bilet" (id_bilet, denumire, pret, loc_eveniment, description, id_event) VALUES (73, E'Bilet Standing Premium', 179, E'Standing Premium', E'Zonă standing cu vizibilitate excelentă.', 17);
INSERT INTO public."Bilet" (id_bilet, denumire, pret, loc_eveniment, description, id_event) VALUES (74, E'Bilet Standing General', 129, E'Standing General', E'Bilet general pentru concert Paraziții.', 17);
INSERT INTO public."Bilet" (id_bilet, denumire, pret, loc_eveniment, description, id_event) VALUES (75, E'Bilet Tribună', 99, E'Tribună - Locuri numerotate', E'Locuri pe scaune în tribună.', 17);
INSERT INTO public."Bilet" (id_bilet, denumire, pret, loc_eveniment, description, id_event) VALUES (76, E'Bilet General Standing', 149, E'Standing - Club', E'Bilet general pentru concert intim Vama.', 18);
INSERT INTO public."Bilet" (id_bilet, denumire, pret, loc_eveniment, description, id_event) VALUES (77, E'Bilet Masă Rezervată (2 pers)', 350, E'Masă rezervată', E'Masă rezervată pentru 2 persoane cu consum minim inclus.', 18);
INSERT INTO public."Bilet" (id_bilet, denumire, pret, loc_eveniment, description, id_event) VALUES (78, E'Bilet VIP Bar Area', 199, E'Zona VIP la bar', E'Acces în zona VIP cu scaune la bar.', 18);
INSERT INTO public."Bilet" (id_bilet, denumire, pret, loc_eveniment, description, id_event) VALUES (79, E'Bilet Parterre Premium', 199, E'Parterre - Rânduri 1-8', E'Cele mai bune locuri pentru show de stand-up.', 19);
INSERT INTO public."Bilet" (id_bilet, denumire, pret, loc_eveniment, description, id_event) VALUES (80, E'Bilet Parterre Standard', 159, E'Parterre - Rânduri 9-20', E'Locuri în parterre cu vizibilitate bună.', 19);
INSERT INTO public."Bilet" (id_bilet, denumire, pret, loc_eveniment, description, id_event) VALUES (81, E'Bilet Balcon I', 129, E'Balcon I', E'Locuri pe balcon cu vedere clară spre scenă.', 19);
INSERT INTO public."Bilet" (id_bilet, denumire, pret, loc_eveniment, description, id_event) VALUES (82, E'Bilet Balcon II', 99, E'Balcon II', E'Bilete accesibile pe balconul 2.', 19);
INSERT INTO public."Bilet" (id_bilet, denumire, pret, loc_eveniment, description, id_event) VALUES (83, E'Bilet Tribună I', 49, E'Tribună I - Centrală', E'Bilet pentru tribuna principală cu vedere centrală.', 20);
INSERT INTO public."Bilet" (id_bilet, denumire, pret, loc_eveniment, description, id_event) VALUES (84, E'Bilet Tribună II', 35, E'Tribună II - Laterală', E'Bilet pentru tribună laterală.', 20);
INSERT INTO public."Bilet" (id_bilet, denumire, pret, loc_eveniment, description, id_event) VALUES (85, E'Bilet Peluză Nord', 25, E'Peluză Nord', E'Bilet pentru peluza Nord, atmosferă de stadion.', 20);
INSERT INTO public."Bilet" (id_bilet, denumire, pret, loc_eveniment, description, id_event) VALUES (86, E'Bilet Peluză Sud', 25, E'Peluză Sud', E'Bilet pentru peluza Sud.', 20);
INSERT INTO public."Bilet" (id_bilet, denumire, pret, loc_eveniment, description, id_event) VALUES (87, E'Bilet Redus Copii (sub 14 ani)', 15, E'Toate sectoarele', E'Bilet redus pentru copii sub 14 ani.', 20);
INSERT INTO public."Bilet" (id_bilet, denumire, pret, loc_eveniment, description, id_event) VALUES (88, E'Bilet 1 zi - Adult', 89, E'Acces o zi', E'Bilet adult pentru o zi de acces la expoziție și competiții.', 21);
INSERT INTO public."Bilet" (id_bilet, denumire, pret, loc_eveniment, description, id_event) VALUES (89, E'Bilet 1 zi - Copil (6-14 ani)', 59, E'Acces o zi', E'Bilet copil pentru o zi. Copiii sub 6 ani intră gratuit.', 21);
INSERT INTO public."Bilet" (id_bilet, denumire, pret, loc_eveniment, description, id_event) VALUES (90, E'Abonament Weekend (2 zile)', 149, E'Acces weekend complet', E'Abonament pentru ambele zile de weekend.', 21);
INSERT INTO public."Bilet" (id_bilet, denumire, pret, loc_eveniment, description, id_event) VALUES (91, E'Bilet Familie (2 adulți + 2 copii)', 279, E'Acces o zi - 4 persoane', E'Pachet familie pentru o zi. Economie 20%.', 21);
INSERT INTO public."Bilet" (id_bilet, denumire, pret, loc_eveniment, description, id_event) VALUES (92, E'Bilet VIP cu acces backstage', 299, E'Acces VIP + backstage', E'Bilet VIP cu acces în zonele exclusive și meet & greet cu streameri.', 21);
INSERT INTO public."Bilet" (id_bilet, denumire, pret, loc_eveniment, description, id_event) VALUES (93, E'EARLY ENTRY: General Access — 5 Days Pass [ACCES INAINTE DE ORA 17:00]⚡️', 599, E'Costinești, România', E'120 EUR — 1249 lei → 599 lei', 5);
INSERT INTO public."Bilet" (id_bilet, denumire, pret, loc_eveniment, description, id_event) VALUES (94, E'General Access — 5 Days Pass ⚡️', 674, E'Costinești, România', E'135 EUR — 1249 lei → 674 lei', 5);
INSERT INTO public."Bilet" (id_bilet, denumire, pret, loc_eveniment, description, id_event) VALUES (95, E'General Access Plus — 5 Days Pass ⚡️', 799, E'Costinești, România', E'160 EUR — 1399 lei → 799 lei', 5);
INSERT INTO public."Bilet" (id_bilet, denumire, pret, loc_eveniment, description, id_event) VALUES (96, E'GOLDEN CIRCLE — 5 Days Pass ⚡️', 874, E'Costinești, România', E'175 EUR — 1474 lei → 874 lei', 5);
INSERT INTO public."Bilet" (id_bilet, denumire, pret, loc_eveniment, description, id_event) VALUES (97, E'VIP — 5 Days Pass ⚡️', 1499, E'Costinești, România', E'300 EUR — 2499 lei → 1499 lei', 5);
INSERT INTO public."Bilet" (id_bilet, denumire, pret, loc_eveniment, description, id_event) VALUES (98, E'ULTRA VIP + GOLDEN CIRCLE — 5 Days Pass ⚡️', 1999, E'Costinești, România', E'400 EUR — 2999 lei → 1999 lei', 5);
INSERT INTO public."Bilet" (id_bilet, denumire, pret, loc_eveniment, description, id_event) VALUES (99, E'UPGRADE: General Access → General Access Plus (5 Days Pass) ⚡️', 125, E'Costinești, România', E'25 EUR — 125 lei', 5);
INSERT INTO public."Bilet" (id_bilet, denumire, pret, loc_eveniment, description, id_event) VALUES (100, E'UPGRADE: General Access → Golden Circle (5 Days Pass) ⚡️', 200, E'Costinești, România', E'40 EUR — 200 lei', 5);
INSERT INTO public."Bilet" (id_bilet, denumire, pret, loc_eveniment, description, id_event) VALUES (101, E'UPGRADE: General Access → VIP (5 Days Pass) ⚡️', 825, E'Costinești, România', E'165 EUR — 825 lei', 5);
INSERT INTO public."Bilet" (id_bilet, denumire, pret, loc_eveniment, description, id_event) VALUES (102, E'UPGRADE: General Access —> ULTRA VIP + Golden Circle (5 Days Pass) ⚡️', 1325, E'Costinești, România', E'265 EUR — 1325 lei', 5);
INSERT INTO public."Bilet" (id_bilet, denumire, pret, loc_eveniment, description, id_event) VALUES (103, E'UPGRADE: General Access Plus → VIP ⚡️', 700, E'Costinești, România', E'140 EUR — 700 lei', 5);
INSERT INTO public."Bilet" (id_bilet, denumire, pret, loc_eveniment, description, id_event) VALUES (104, E'UPGRADE: General Access Plus —> ULTRA VIP + Golden Circle (5 Days Pass) ⚡️', 1200, E'Costinești, România', E'240 EUR — 1200 lei', 5);
INSERT INTO public."Bilet" (id_bilet, denumire, pret, loc_eveniment, description, id_event) VALUES (105, E'General', 211.04, E'Sala C.A. Rosetti, Palatul Parlamentului', E'Bilet standard', 22);
INSERT INTO public."Bilet" (id_bilet, denumire, pret, loc_eveniment, description, id_event) VALUES (106, E'VIP', 422.08, E'Sala C.A. Rosetti, Palatul Parlamentului', E'Acces VIP cu loc rezervat', 22);
INSERT INTO public."Bilet" (id_bilet, denumire, pret, loc_eveniment, description, id_event) VALUES (107, E'Copii', 105.52, E'Sala C.A. Rosetti, Palatul Parlamentului', E'Concert pentru copii', 23);
INSERT INTO public."Bilet" (id_bilet, denumire, pret, loc_eveniment, description, id_event) VALUES (108, E'Adult', 211.04, E'Sala C.A. Rosetti, Palatul Parlamentului', E'Concert pentru copii', 23);
INSERT INTO public."Bilet" (id_bilet, denumire, pret, loc_eveniment, description, id_event) VALUES (109, E'Golden Circle', 399.99, E'Grădina Alhambra, Str. Constantin Mille 13', E'Loc aproape de scenă', 24);
INSERT INTO public."Bilet" (id_bilet, denumire, pret, loc_eveniment, description, id_event) VALUES (110, E'Standard', 299.99, E'Grădina Alhambra, Str. Constantin Mille 13', E'Loc standard', 24);
INSERT INTO public."Bilet" (id_bilet, denumire, pret, loc_eveniment, description, id_event) VALUES (111, E'Standard', 262.5, E'Grădina Alhambra, Str. Constantin Mille 13', E'Loc standard', 25);
INSERT INTO public."Bilet" (id_bilet, denumire, pret, loc_eveniment, description, id_event) VALUES (112, E'VIP', 350, E'Grădina Alhambra, Str. Constantin Mille 13', E'Acces VIP', 25);
INSERT INTO public."Bilet" (id_bilet, denumire, pret, loc_eveniment, description, id_event) VALUES (113, E'Standard', 262.5, E'Hard Rock Cafe București', E'Loc standard', 26);
INSERT INTO public."Bilet" (id_bilet, denumire, pret, loc_eveniment, description, id_event) VALUES (114, E'VIP', 350, E'Hard Rock Cafe București', E'Acces VIP', 26);
INSERT INTO public."Bilet" (id_bilet, denumire, pret, loc_eveniment, description, id_event) VALUES (115, E'Golden Circle', 399.99, E'Hotel Ramada Sibiu', E'Loc aproape de scenă', 27);
INSERT INTO public."Bilet" (id_bilet, denumire, pret, loc_eveniment, description, id_event) VALUES (116, E'Standard', 299.99, E'Hotel Ramada Sibiu', E'Loc standard', 27);
INSERT INTO public."Bilet" (id_bilet, denumire, pret, loc_eveniment, description, id_event) VALUES (117, E'Standard', 230, E'Quantic, București', E'Loc general', 28);
INSERT INTO public."Bilet" (id_bilet, denumire, pret, loc_eveniment, description, id_event) VALUES (118, E'VIP', 350, E'Quantic, București', E'Acces VIP', 28);
INSERT INTO public."Bilet" (id_bilet, denumire, pret, loc_eveniment, description, id_event) VALUES (119, E'Standard', 250, E'FORM SPACE, Cluj-Napoca', E'Loc standard', 29);
INSERT INTO public."Bilet" (id_bilet, denumire, pret, loc_eveniment, description, id_event) VALUES (120, E'VIP', 400, E'FORM SPACE, Cluj-Napoca', E'Acces VIP', 29);
INSERT INTO public."Bilet" (id_bilet, denumire, pret, loc_eveniment, description, id_event) VALUES (121, E'Standard', 150, E'Rockstadt, Brașov', E'Loc general', 30);
INSERT INTO public."Bilet" (id_bilet, denumire, pret, loc_eveniment, description, id_event) VALUES (122, E'VIP', 250, E'Rockstadt, Brașov', E'Acces VIP', 30);
INSERT INTO public."Bilet" (id_bilet, denumire, pret, loc_eveniment, description, id_event) VALUES (123, E'General', 90, E'Teatrul de Revistă „Constantin Tănase”', E'Concert pentru copii', 31);
INSERT INTO public."Bilet" (id_bilet, denumire, pret, loc_eveniment, description, id_event) VALUES (124, E'VIP', 180, E'Teatrul de Revistă „Constantin Tănase”', E'Concert pentru copii', 31);
INSERT INTO public."Bilet" (id_bilet, denumire, pret, loc_eveniment, description, id_event) VALUES (125, E'Standard', 250, E'Teatrul Național București', E'Concert Nicu Alifantis & FragileBand', 32);
INSERT INTO public."Bilet" (id_bilet, denumire, pret, loc_eveniment, description, id_event) VALUES (126, E'VIP', 500, E'Teatrul Național București', E'Acces VIP', 32);
INSERT INTO public."Bilet" (id_bilet, denumire, pret, loc_eveniment, description, id_event) VALUES (127, E'General Admission', 262.5, E'Arenele Romane', E'Loc general', 33);
INSERT INTO public."Bilet" (id_bilet, denumire, pret, loc_eveniment, description, id_event) VALUES (128, E'Golden Circle', 399.99, E'Arenele Romane', E'Locație specială aproape de scenă', 33);
INSERT INTO public."Bilet" (id_bilet, denumire, pret, loc_eveniment, description, id_event) VALUES (129, E'Standard', 350, E'Arenele Romane', E'Loc standard Oscar @ Apa & Ștefan III', 34);
INSERT INTO public."Bilet" (id_bilet, denumire, pret, loc_eveniment, description, id_event) VALUES (130, E'VIP', 600, E'Arenele Romane', E'Acces VIP Oscar @ Apa & Ștefan III', 34);
INSERT INTO public."Bilet" (id_bilet, denumire, pret, loc_eveniment, description, id_event) VALUES (131, E'General', 350, E'Sala Palatului', E'Concert Connect-R', 35);
INSERT INTO public."Bilet" (id_bilet, denumire, pret, loc_eveniment, description, id_event) VALUES (132, E'VIP', 1200, E'Sala Palatului', E'Acces VIP Connect-R', 35);
INSERT INTO public."Bilet" (id_bilet, denumire, pret, loc_eveniment, description, id_event) VALUES (133, E'Standard', 250, E'Sala Palatului', E'Colinde de suflet românesc', 36);
INSERT INTO public."Bilet" (id_bilet, denumire, pret, loc_eveniment, description, id_event) VALUES (134, E'VIP', 500, E'Sala Palatului', E'Acces VIP colinde', 36);
INSERT INTO public."Bilet" (id_bilet, denumire, pret, loc_eveniment, description, id_event) VALUES (135, E'Categoria C', 275, E'Sala Palatului', E'Locuri la balet', 37);
INSERT INTO public."Bilet" (id_bilet, denumire, pret, loc_eveniment, description, id_event) VALUES (136, E'VIP', 500, E'Sala Palatului', E'Loc VIP balet', 37);
INSERT INTO public."Bilet" (id_bilet, denumire, pret, loc_eveniment, description, id_event) VALUES (137, E'General', 300, E'Versus Pub, Galați', E'Turneu Proconsul', 38);
INSERT INTO public."Bilet" (id_bilet, denumire, pret, loc_eveniment, description, id_event) VALUES (138, E'VIP', 500, E'Versus Pub, Galați', E'Acces VIP Turneu Proconsul', 38);
INSERT INTO public."Bilet" (id_bilet, denumire, pret, loc_eveniment, description, id_event) VALUES (139, E'SKILLET – General Admission', 240, E'Arenele Romane', E'Loc general concert', 39);
INSERT INTO public."Bilet" (id_bilet, denumire, pret, loc_eveniment, description, id_event) VALUES (140, E'SKILLET – Golden Circle', 350, E'Arenele Romane', E'Locație specială aproape de scenă', 39);
INSERT INTO public."Bilet" (id_bilet, denumire, pret, loc_eveniment, description, id_event) VALUES (141, E'Standard', 262.5, E'Quantic', E'Loc general METRIK', 40);
INSERT INTO public."Bilet" (id_bilet, denumire, pret, loc_eveniment, description, id_event) VALUES (142, E'VIP', 400, E'Quantic', E'Acces VIP METRIK', 40);
INSERT INTO public."Bilet" (id_bilet, denumire, pret, loc_eveniment, description, id_event) VALUES (143, E'General', 250, E'București', E'Unforgettable Festival 2026', 41);
INSERT INTO public."Bilet" (id_bilet, denumire, pret, loc_eveniment, description, id_event) VALUES (144, E'Premium', 350, E'București', E'Unforgettable Festival 2026', 41);
INSERT INTO public."Bilet" (id_bilet, denumire, pret, loc_eveniment, description, id_event) VALUES (145, E'Golden Circle', 450, E'București', E'Unforgettable Festival 2026', 41);
INSERT INTO public."Bilet" (id_bilet, denumire, pret, loc_eveniment, description, id_event) VALUES (146, E'Winter Polka', 214.5, E'Ateneul Român', E'Concert Symphony Of Emotions', 42);
INSERT INTO public."Bilet" (id_bilet, denumire, pret, loc_eveniment, description, id_event) VALUES (147, E'Christmas Serenade', 264.5, E'Ateneul Român', E'Concert Symphony Of Emotions', 42);
INSERT INTO public."Bilet" (id_bilet, denumire, pret, loc_eveniment, description, id_event) VALUES (148, E'VIP', 500, E'Ateneul Român', E'Concert Symphony Of Emotions', 42);
INSERT INTO public."Bilet" (id_bilet, denumire, pret, loc_eveniment, description, id_event) VALUES (149, E'General', 250, E'Sala Polivalentă, Cluj-Napoca', E'Încă O Zi la Cluj-Napoca! Concert Andra Reverie', 43);
INSERT INTO public."Bilet" (id_bilet, denumire, pret, loc_eveniment, description, id_event) VALUES (150, E'VIP', 500, E'Sala Polivalentă, Cluj-Napoca', E'Încă O Zi la Cluj-Napoca! Concert Andra Reverie', 43);
INSERT INTO public."Bilet" (id_bilet, denumire, pret, loc_eveniment, description, id_event) VALUES (151, E'Standard', 250, E'Cinema Mon Amour, Piatra-Neamt', E'Turneu Paula Seling', 44);
INSERT INTO public."Bilet" (id_bilet, denumire, pret, loc_eveniment, description, id_event) VALUES (152, E'VIP', 400, E'Cinema Mon Amour, Piatra-Neamt', E'Turneu Paula Seling', 44);
INSERT INTO public."Bilet" (id_bilet, denumire, pret, loc_eveniment, description, id_event) VALUES (153, E'Standard', 250, E'Sala Palatului', E'Orchestra Simfonică București', 45);
INSERT INTO public."Bilet" (id_bilet, denumire, pret, loc_eveniment, description, id_event) VALUES (154, E'VIP', 500, E'Sala Palatului', E'Orchestra Simfonică București', 45);
INSERT INTO public."Bilet" (id_bilet, denumire, pret, loc_eveniment, description, id_event) VALUES (155, E'General', 300, E'Romexpo', E'Balkan Beats Bucharest 2026', 46);
INSERT INTO public."Bilet" (id_bilet, denumire, pret, loc_eveniment, description, id_event) VALUES (156, E'VIP', 450, E'Romexpo', E'Balkan Beats Bucharest 2026', 46);
INSERT INTO public."Bilet" (id_bilet, denumire, pret, loc_eveniment, description, id_event) VALUES (157, E'Standard', 250, E'Centrul Cultural Eugen Ionescu, Slatina', E'Turneu Direcția 5 – “Seductie” Live', 47);
INSERT INTO public."Bilet" (id_bilet, denumire, pret, loc_eveniment, description, id_event) VALUES (158, E'VIP', 400, E'Centrul Cultural Eugen Ionescu, Slatina', E'Turneu Direcția 5 – “Seductie” Live', 47);
INSERT INTO public."Bilet" (id_bilet, denumire, pret, loc_eveniment, description, id_event) VALUES (159, E'Standard', 250, E'Sala Palatului', E'Povestea Lupilor', 48);
INSERT INTO public."Bilet" (id_bilet, denumire, pret, loc_eveniment, description, id_event) VALUES (160, E'VIP', 500, E'Sala Palatului', E'Povestea Lupilor', 48);
INSERT INTO public."Bilet" (id_bilet, denumire, pret, loc_eveniment, description, id_event) VALUES (161, E'Standard', 100, E'Muzeul Fotbalului', E'Expoziție interactivă', 49);
INSERT INTO public."Bilet" (id_bilet, denumire, pret, loc_eveniment, description, id_event) VALUES (162, E'VIP', 200, E'Muzeul Fotbalului', E'Expoziție interactivă', 49);
INSERT INTO public."Bilet" (id_bilet, denumire, pret, loc_eveniment, description, id_event) VALUES (163, E'Standard', 200, E'Steampunk Museum', E'Expoziție Steampunk Transylvania', 50);
INSERT INTO public."Bilet" (id_bilet, denumire, pret, loc_eveniment, description, id_event) VALUES (164, E'VIP', 300, E'Steampunk Museum', E'Expoziție Steampunk Transylvania', 50);
INSERT INTO public."Bilet" (id_bilet, denumire, pret, loc_eveniment, description, id_event) VALUES (165, E'Standard', 250, E'Sala Sporturilor, Galați', E'Turneu Valentin Sanfira', 51);
INSERT INTO public."Bilet" (id_bilet, denumire, pret, loc_eveniment, description, id_event) VALUES (166, E'VIP', 400, E'Sala Sporturilor, Galați', E'Turneu Valentin Sanfira', 51);
INSERT INTO public."Bilet" (id_bilet, denumire, pret, loc_eveniment, description, id_event) VALUES (167, E'Standard', 300, E'Sala Palatului', E'Musicalul Mamma Mia', 52);
INSERT INTO public."Bilet" (id_bilet, denumire, pret, loc_eveniment, description, id_event) VALUES (168, E'VIP', 500, E'Sala Palatului', E'Musicalul Mamma Mia', 52);
INSERT INTO public."Bilet" (id_bilet, denumire, pret, loc_eveniment, description, id_event) VALUES (169, E'Standard', 200, E'Museum of Senses', E'Museum of Senses', 53);
INSERT INTO public."Bilet" (id_bilet, denumire, pret, loc_eveniment, description, id_event) VALUES (170, E'VIP', 400, E'Museum of Senses', E'Museum of Senses', 53);
INSERT INTO public."Bilet" (id_bilet, denumire, pret, loc_eveniment, description, id_event) VALUES (171, E'Standard', 250, E'Quantic', E'JURJAK – 10 Ani', 54);
INSERT INTO public."Bilet" (id_bilet, denumire, pret, loc_eveniment, description, id_event) VALUES (172, E'VIP', 400, E'Quantic', E'JURJAK – 10 Ani', 54);
INSERT INTO public."Bilet" (id_bilet, denumire, pret, loc_eveniment, description, id_event) VALUES (173, E'Toate expozițiile', 150, E'Palatul Dacia-România', E'Art Safari Ediția 17', 55);
INSERT INTO public."Bilet" (id_bilet, denumire, pret, loc_eveniment, description, id_event) VALUES (174, E'Virtual Delegate Pass', 450, E'https://nrfbigshow.nrf.com/', E'Full access to all keynote streams and virtual expo hall.', 56);
INSERT INTO public."Bilet" (id_bilet, denumire, pret, loc_eveniment, description, id_event) VALUES (175, E'VIP Networking Access', 800, E'https://nrfbigshow.nrf.com/', E'Includes 1-on-1 virtual networking sessions with retail leaders.', 56);
INSERT INTO public."Bilet" (id_bilet, denumire, pret, loc_eveniment, description, id_event) VALUES (176, E'Festival Day Pass', 40, E'https://www.berlinshort.com/', E'24-hour access to all short film screenings for a single day.', 57);
INSERT INTO public."Bilet" (id_bilet, denumire, pret, loc_eveniment, description, id_event) VALUES (177, E'Full Festival Access', 120, E'https://www.berlinshort.com/', E'Unlimited access for the entire festival duration (7 days).', 57);
INSERT INTO public."Bilet" (id_bilet, denumire, pret, loc_eveniment, description, id_event) VALUES (178, E'Single Screening Ticket', 25, E'https://festival.sundance.org/', E'Access to one specific movie premiere online.', 58);
INSERT INTO public."Bilet" (id_bilet, denumire, pret, loc_eveniment, description, id_event) VALUES (179, E'Festival Package', 250, E'https://festival.sundance.org/', E'All-access pass for 10+ movie screenings and exclusive panels.', 58);
INSERT INTO public."Bilet" (id_bilet, denumire, pret, loc_eveniment, description, id_event) VALUES (180, E'Livestream General Access', 50, E'https://www.inningsfestival.com/', E'Live HD stream of the main stage performances.', 59);
INSERT INTO public."Bilet" (id_bilet, denumire, pret, loc_eveniment, description, id_event) VALUES (181, E'VIP Stream Experience', 150, E'https://www.inningsfestival.com/', E'Includes backstage camera angles and artist interviews.', 59);
INSERT INTO public."Bilet" (id_bilet, denumire, pret, loc_eveniment, description, id_event) VALUES (182, E'Educator Workshop Pass', 180, E'https://onlinelearningconsortium.org/', E'Interactive workshop participation and downloadable materials.', 60);
INSERT INTO public."Bilet" (id_bilet, denumire, pret, loc_eveniment, description, id_event) VALUES (183, E'Standard Summit Ticket', 220, E'https://www.drapersonline.com/', E'Access to sustainability panels and live Q&A sessions.', 61);
INSERT INTO public."Bilet" (id_bilet, denumire, pret, loc_eveniment, description, id_event) VALUES (184, E'Virtual Front Row', 80, E'https://tortugamusicfestival.com/', E'Multi-cam experience of the festival directly from the beach stage.', 62);
INSERT INTO public."Bilet" (id_bilet, denumire, pret, loc_eveniment, description, id_event) VALUES (185, E'Certification Course', 49, E'https://www.coursera.org/google-ai-essentials', E'Complete course access graded assignments and professional certificate.', 63);
INSERT INTO public."Bilet" (id_bilet, denumire, pret, loc_eveniment, description, id_event) VALUES (186, E'Standard Stream', 30, E'https://www.jamiroquai.com/events/', E'Live concert stream in standard definition.', 64);
INSERT INTO public."Bilet" (id_bilet, denumire, pret, loc_eveniment, description, id_event) VALUES (187, E'4K Exclusive Stream', 50, E'https://www.jamiroquai.com/events/', E'High fidelity 4K stream with exclusive backstage footage.', 64);
INSERT INTO public."Bilet" (id_bilet, denumire, pret, loc_eveniment, description, id_event) VALUES (188, E'Digital Expo Pass', 50, E'https://sbcevents.com/', E'Virtual walk-through of the gaming expo hall and vendor booths.', 65);
INSERT INTO public."Bilet" (id_bilet, denumire, pret, loc_eveniment, description, id_event) VALUES (189, E'Bilet Test Edit', 67.32, E'Locatie Test Edit', E'Descriere Test Edit', 69);
INSERT INTO public."Bilet" (id_bilet, denumire, pret, loc_eveniment, description, id_event) VALUES (199, E'Bilete Test Bla', 23.18, E'Galati', E'descriere', 69);
-- 184 randuri inserate in Bilet

-- ---- Cos ----
INSERT INTO public."Cos" (id_cos, "isBought", cantitate, pret, created_at, id_user) VALUES (47, true, 2, 480, E'2026-01-06 19:10:07.564939+00', 12);
INSERT INTO public."Cos" (id_cos, "isBought", cantitate, pret, created_at, id_user) VALUES (48, false, 2, 480, E'2026-01-06 19:11:54.156821+00', 12);
INSERT INTO public."Cos" (id_cos, "isBought", cantitate, pret, created_at, id_user) VALUES (49, true, 4, 1180, E'2026-01-06 19:12:07.243931+00', 12);
INSERT INTO public."Cos" (id_cos, "isBought", cantitate, pret, created_at, id_user) VALUES (50, false, 2, 480, E'2026-01-13 14:31:24.344256+00', NULL);
INSERT INTO public."Cos" (id_cos, "isBought", cantitate, pret, created_at, id_user) VALUES (51, true, 3, 720, E'2026-01-13 14:31:52.235311+00', NULL);
INSERT INTO public."Cos" (id_cos, "isBought", cantitate, pret, created_at, id_user) VALUES (31, false, 1, 250, E'2025-11-30 15:25:04.093411+00', 12);
INSERT INTO public."Cos" (id_cos, "isBought", cantitate, pret, created_at, id_user) VALUES (32, false, 1, 250, E'2025-11-30 15:27:57.687226+00', 12);
INSERT INTO public."Cos" (id_cos, "isBought", cantitate, pret, created_at, id_user) VALUES (33, true, 1, 250, E'2025-11-30 15:29:32.999214+00', 12);
INSERT INTO public."Cos" (id_cos, "isBought", cantitate, pret, created_at, id_user) VALUES (34, false, 2, 500, E'2025-11-30 15:32:15.892516+00', 12);
INSERT INTO public."Cos" (id_cos, "isBought", cantitate, pret, created_at, id_user) VALUES (35, false, 3, 749, E'2025-11-30 15:32:39.488291+00', 12);
INSERT INTO public."Cos" (id_cos, "isBought", cantitate, pret, created_at, id_user) VALUES (37, true, 2, 500, E'2025-11-30 15:37:44.126265+00', 12);
INSERT INTO public."Cos" (id_cos, "isBought", cantitate, pret, created_at, id_user) VALUES (38, true, 1, 350, E'2025-11-30 15:40:26.37515+00', 12);
INSERT INTO public."Cos" (id_cos, "isBought", cantitate, pret, created_at, id_user) VALUES (39, false, 1, 899, E'2025-11-30 18:26:52.53369+00', 12);
INSERT INTO public."Cos" (id_cos, "isBought", cantitate, pret, created_at, id_user) VALUES (36, true, 2, 258, E'2025-11-30 15:33:09.140728+00', 12);
INSERT INTO public."Cos" (id_cos, "isBought", cantitate, pret, created_at, id_user) VALUES (40, true, 3, 300.68, E'2025-11-30 19:27:13+00', 13);
INSERT INTO public."Cos" (id_cos, "isBought", cantitate, pret, created_at, id_user) VALUES (42, true, 6, 1714, E'2025-11-30 19:43:20.921268+00', 12);
INSERT INTO public."Cos" (id_cos, "isBought", cantitate, pret, created_at, id_user) VALUES (43, false, 1, 899, E'2025-12-01 19:37:29.171508+00', NULL);
INSERT INTO public."Cos" (id_cos, "isBought", cantitate, pret, created_at, id_user) VALUES (44, false, 1, 899, E'2025-12-01 19:38:03.905072+00', NULL);
INSERT INTO public."Cos" (id_cos, "isBought", cantitate, pret, created_at, id_user) VALUES (45, false, 1, 899, E'2025-12-01 19:40:02.954531+00', NULL);
INSERT INTO public."Cos" (id_cos, "isBought", cantitate, pret, created_at, id_user) VALUES (46, false, 1, 250, E'2025-12-05 19:38:30.876829+00', NULL);
INSERT INTO public."Cos" (id_cos, "isBought", cantitate, pret, created_at, id_user) VALUES (41, true, 2, 1798, E'2025-11-30 19:42:55.266695+00', 12);
-- 21 randuri inserate in Cos

-- ---- Cos_Bilet ----
INSERT INTO public."Cos_Bilet" (id_cos_bilet, id_cos, id_bilet, cantitate, pret, pret_total) VALUES (1, 33, 125, 1, 250, 250);
INSERT INTO public."Cos_Bilet" (id_cos_bilet, id_cos, id_bilet, cantitate, pret, pret_total) VALUES (4, 36, 74, 2, 129, 258);
INSERT INTO public."Cos_Bilet" (id_cos_bilet, id_cos, id_bilet, cantitate, pret, pret_total) VALUES (5, 37, 151, 1, 250, 250);
INSERT INTO public."Cos_Bilet" (id_cos_bilet, id_cos, id_bilet, cantitate, pret, pret_total) VALUES (6, 38, 129, 1, 350, 350);
INSERT INTO public."Cos_Bilet" (id_cos_bilet, id_cos, id_bilet, cantitate, pret, pret_total) VALUES (7, 40, 108, 3, 100.22, 300.68);
INSERT INTO public."Cos_Bilet" (id_cos_bilet, id_cos, id_bilet, cantitate, pret, pret_total) VALUES (8, 42, 1, 1, 899, 899);
INSERT INTO public."Cos_Bilet" (id_cos_bilet, id_cos, id_bilet, cantitate, pret, pret_total) VALUES (9, 42, 33, 2, 229, 458);
INSERT INTO public."Cos_Bilet" (id_cos_bilet, id_cos, id_bilet, cantitate, pret, pret_total) VALUES (10, 42, 59, 3, 119, 357);
INSERT INTO public."Cos_Bilet" (id_cos_bilet, id_cos, id_bilet, cantitate, pret, pret_total) VALUES (11, 41, 1, 1, 899, 899);
INSERT INTO public."Cos_Bilet" (id_cos_bilet, id_cos, id_bilet, cantitate, pret, pret_total) VALUES (13, 47, 139, 2, 240, 480);
INSERT INTO public."Cos_Bilet" (id_cos_bilet, id_cos, id_bilet, cantitate, pret, pret_total) VALUES (14, 49, 139, 2, 240, 480);
INSERT INTO public."Cos_Bilet" (id_cos_bilet, id_cos, id_bilet, cantitate, pret, pret_total) VALUES (15, 49, 140, 2, 350, 700);
INSERT INTO public."Cos_Bilet" (id_cos_bilet, id_cos, id_bilet, cantitate, pret, pret_total) VALUES (16, 51, 139, 3, 240, 720);
-- 13 randuri inserate in Cos_Bilet

-- ---- Reset secvente identitate ----
SELECT setval(pg_get_serial_sequence('public."Users"', 'id_user'), COALESCE((SELECT MAX(id_user) FROM public."Users"), 1));
SELECT setval(pg_get_serial_sequence('public."Orase"', 'id_oras'), COALESCE((SELECT MAX(id_oras) FROM public."Orase"), 1));
SELECT setval(pg_get_serial_sequence('public."Evenimente"', 'id_event'), COALESCE((SELECT MAX(id_event) FROM public."Evenimente"), 1));
SELECT setval(pg_get_serial_sequence('public."Bilet"', 'id_bilet'), COALESCE((SELECT MAX(id_bilet) FROM public."Bilet"), 1));
SELECT setval(pg_get_serial_sequence('public."Cos"', 'id_cos'), COALESCE((SELECT MAX(id_cos) FROM public."Cos"), 1));
SELECT setval(pg_get_serial_sequence('public."Cos_Bilet"', 'id_cos_bilet'), COALESCE((SELECT MAX(id_cos_bilet) FROM public."Cos_Bilet"), 1));

COMMIT;
SELECT 'Date importate cu succes' AS status;
